product_code,description,unit,unit_desc,units_in_each,unit_price,nhs_supply_chain_code,bunzl_product_code,supplier_id,group_id,tax_code,cost_centre,eclass,contract_id
0168N07,"Klima Flex Unisex Soft P.u. Clog, Washable, Side Perforations, Heel Strap. Ce Marked. Navy Size 7 (40)",BX,Box 1,1,34.31,,,12170,5800,NR,EVA,BWH,FAG000016448
0168N08,"Klima Flex Unisex Soft P.u. Clog, Washable, Side Perforations, Heel Strap. Ce Marked. Navy Size 8 (41)",BX,Box 1,1,34.31,,,12170,5800,NR,EVA,BWH,FAG000016448
0168N09,"Klima Flex Unisex Soft P.u. Clog, Washable, Side Perforations, Heel Strap. Ce Marked. Navy Size 9 (42)",BX,Box 1,1,34.31,,,12170,5800,NR,EVA,BWH,FAG000016448
01845-11,True Dilation Balloon Catheter 18 x 4.5,EA,Single,1,550,,,39216,5182,NR,EVA,FXE,7323-2PLS/AS
02045-11,True Dilation Balloon Catheter 20mm x 4.5mm,BX,Box 1,1,550,,,39216,5182,NR,EVA,FXE,OFF CONTRACT
02245-12,True Dilation Balloon Catheter 22mm x 4.5mm,BX,Box 1,1,550,,,39216,5182,NR,EVA,FXE,OFF CONTRACT
02445-12,True Dilation Balloon Catheter 24mm x 4.5mm,BX,Box 1,1,550,,,39216,5182,NR,EVA,FXE,OFF CONTRACT
0698N02.5,"Ultra Light Comfort Shose With Heel Strap, Perforated Leather (35) Size 2.5 Navy",EA,Single,1,37.61,,,12170,5800,NR,EVA,BWH,OFF CONTRACT
0698N09,"Ultralite Comfort Shoe, Heel Strap, Perforated Leather. Ce Marked. Navy Size 9 (43)",EA,Single,1,37.61,,,12170,5800,NR,EVA,BWH,FAG000016448
1001780-HC,Guide Wire Balance Middleweight(tm) 3 Cm/190 Cm,PU,Pack 5,5,200,,,28779,5210,NR,EVA,FRD,SGH PRICING 2017 - 2018
1005357H,"Guide Wire Hi-torque Whisper(tm) Ms 0.014 Inches Diameter, 3 Cm/190 Cm Straight",PU,Pack 5,5,200,,,28779,5191,NR,EVA,FRD,OFF CONTRACT
1010480-H,Guide Wire Hi-torque Pilot 50 3 Cm/190 Cm,PU,Pack 5,5,200,,,28779,5191,NR,EVA,FRD,OFF CONTRACT
1010481-H,Guide Wire Hi-torque Pilot 150 3 Cm/190 Cm,PU,Pack 5,5,475,,,28779,5191,NR,EVA,FRD,OFF CONTRACT
1010482-H,Guide Wire Hi-torque Pilot 200 3 Cm/190 Cm,PU,Pack 5,5,475,,,28779,5210,NR,EVA,FRD,SGH PRICING 2017 - 2018
1011834H,Whisper Guide Wire - Extra Support 3cm/190cm,BX,Box 5,5,200,,,28779,5191,NR,EVA,FES,OFF CONTRACT
1011880,Guide Wire Ht Balance Middleweight(tm) Elite 3 Cm/190 Cm (with Marker & Proximal Wire Identifier),PU,Pack 5,5,200,,,28779,5196,NR,EVA,NA,OFF CONTRACT
1012270-12,Mini Trek Coronary Dilatation Catheter 2.0 Mm X 12 Mm/rapid-exchange,EA,Single,1,32,,,28779,5192,NR,EVA,FRE,STG1519/2016
1012270-15,Mini Trek Coronary Dilatation Catheter 2.0 Mm X 15 Mm/rapid-exchange,EA,Single,1,32,,,28779,5192,NR,EVA,FRE,STG1519/2016
1012270-20,Mini Trek Coronary Dilatation Catheter 2.0 Mm X 20 Mm/rapid-exchange,EA,Single,1,32,,,28779,5192,NR,EVA,FRE,STG1519/2016
1012270-25,Mini Trek Coronary Dilatation Catheter 2.0 Mm X 25 Mm/rapid-exchange,BX,Box 1,1,32,,,28779,5192,NR,EVA,FRE,STG1519/2016
1012270-30,Mini Trek Coronary Dilatation Catheter 2.0 Mm X 30 Mm/rapid-exchange,BX,Box 1,1,32,,,28779,5192,NR,EVA,FRE,STG1519/2016
1012272-12,Trek Coronary Dilatation Catheter 2.50 Mm X 12 Mm/rapid-exchange,BX,Box 1,1,32,,,28779,5192,NR,EVA,FRE,STG1519/2016
1012272-15,Trek Coronary Dilatation Catheter 2.50 Mm X 15 Mm/rapid-exchange,BX,Box 1,1,32,,,28779,5192,NR,EVA,FRE,STG1519/2016
1012272-20,Trek Coronary Dilatation Catheter 2.50 Mm X 20 Mm/rapid-exchange,BX,Box 1,1,32,,,28779,5192,NR,EVA,FRE,STG1519/2016
1012272-25,Trek Coronary Dilatation Catheter 2.50 Mm X 25 Mm/rapid-exchange,BX,Box 1,1,32,,,28779,5192,NR,EVA,FRE,STG1519/2016
1012272-30,Trek Coronary Dilatation Catheter 2.50 Mm X 30 Mm/rapid-exchange,BX,Box 1,1,32,,,28779,5192,NR,EVA,FRE,STG1519/2016
1012274-12,Trek Coronary Dilatation Catheter 3.0 Mm X 12 Mm/rapid-exchange,BX,Box 1,1,32,,,28779,5192,NR,EVA,FRE,STG1519/2016
1012274-15,Trek Coronary Dilatation Catheter 3.0 Mm X 15 Mm/rapid-exchange,BX,Box 1,1,32,,,28779,5192,NR,EVA,FRE,STG1519/2016
1012274-25,Trek Coronary Dilatation Catheter 3.0 Mm X 25 Mm/rapid-exchange,BX,Box 1,1,32,,,28779,5192,NR,EVA,FRE,STG1519/2016
1012274-30,Trek Coronary Dilatation Catheter 3.0 Mm X 30 Mm/rapid-exchange,BX,Box 1,1,32,,,28779,5192,NR,EVA,FRE,STG1519/2016
1012276-25,Trek Coronary Dilatation Catheter 3.50 Mm X 25 Mm/rapid-exchange,BX,Box 1,1,32,,,28779,5192,NR,EVA,FRE,STG1519/2016
1012276-30,Trek Coronary Dilatation Catheter 3.50 Mm X 30 Mm/rapid-exchange,BX,Box 1,1,32,,,28779,5192,NR,EVA,FRE,STG1519/2016
1012278-25,Trek Coronary Dilatation Catheter 4.0 Mm X 25 Mm/rapid-exchange,BX,Box 1,1,32,,,28779,5192,NR,EVA,FRE,STG1519/2016
1012278-30,Trek Coronary Dilatation Catheter 4.0 Mm X 30 Mm/rapid-exchange,BX,Box 1,1,32,,,28779,5192,NR,EVA,FRE,STG1519/2016
1012445-12,Nc Trek Coronary Dilatation Catheter 2.0 Mm X 12 Mm/rapid-exchange,BX,Box 1,1,32,,,28779,5192,NR,EVA,FRE,STG1519/2016
1012445-20,Nc Trek Coronary Dilatation Catheter 2.0 Mm X 20 Mm/rapid-exchange,BX,Box 1,1,32,,,28779,5192,NR,EVA,FRE,STG1519/2016
1012448-08,Nc Trek Coronary Dilatation Catheter 2.75 Mm X 8 Mm/rapid-exchange,BX,Box 1,1,32,,,28779,5192,NR,EVA,FRE,STG1519/2016
1012448-12,Nc Trek Coronary Dilatation Catheter 2.75 Mm X 12 Mm/rapid-exchange,BX,Box 1,1,32,,,28779,5192,NR,EVA,FRE,STG1519/2016
1012448-15,Nc Trek Coronary Dilatation Catheter 2.75 Mm X 15 Mm/rapid-exchange,BX,Box 1,1,32,,,28779,5192,NR,EVA,FRE,STG1519/2016
1012448-20,Nc Trek Coronary Dilatation Catheter 2.75 Mm X 20 Mm/rapid-exchange,BX,Box 1,1,32,,,28779,5192,NR,EVA,FRE,STG1519/2016
1012449-08,Nc Trek Coronary Dilatation Catheter 3.0 Mm X 8 Mm/rapid-exchange,EA,Single,1,32,,,28779,5192,NR,EVA,FRE,STG1519/2016
1012449-12,Nc Trek Coronary Dilatation Catheter 3.0 Mm X 12 Mm/rapid-exchange,EA,Single,1,32,,,28779,5192,NR,EVA,FRE,STG1519/2016
1012449-15,Nc Trek Coronary Dilatation Catheter 3.0 Mm X 15 Mm/rapid-exchange,EA,Single,1,32,,,28779,5192,NR,EVA,FRE,STG1519/2016
1012449-20,Nc Trek Coronary Dilatation Catheter 3.0 Mm X 20 Mm/rapid-exchange,EA,Single,1,32,,,28779,5192,NR,EVA,FRE,STG1519/2016
1012450-12,Nc Trek Coronary Dilatation Catheter 3.25 Mm X 12 Mm/rapid-exchange,BX,Box 1,1,32,,,28779,5192,NR,EVA,FRE,STG1519/2016
1012450-15,Nc Trek Coronary Dilatation Catheter 3.25 Mm X 15 Mm/rapid-exchange,BX,Box 1,1,32,,,28779,5192,NR,EVA,FRE,STG1519/2016
1012450-20,Nc Trek Coronary Dilatation Catheter 3.25 Mm X 20 Mm/rapid-exchange,BX,Box 1,1,32,,,28779,5192,NR,EVA,FRE,STG1519/2016
1012451-12,Nc Trek Coronary Dilatation Catheter 3.5 Mm X 12 Mm/rapid-exchange,EA,Single,1,32,,,28779,5192,NR,EVA,FRE,STG1519/2016
1012451-15,Nc Trek Coronary Dilatation Catheter 3.5 Mm X 15 Mm/rapid-exchange,EA,Single,1,32,,,28779,5192,NR,EVA,FRE,STG1519/2016
1012451-20,Nc Trek Coronary Dilatation Catheter 3.5 Mm X 20 Mm/rapid-exchange,EA,Single,1,32,,,28779,5192,NR,EVA,FRE,STG1519/2016
1012452-15,Nc Trek Coronary Dilatation Catheter 3.75 Mm X 15 Mm/rapid-exchange,BX,Box 1,1,32,,,28779,5192,NR,EVA,FRE,STG1519/2016
1012453-12,Nc Trek Coronary Dilatation Catheter 4.0 Mm X 12 Mm/rapid-exchange,EA,Single,1,32,,,28779,5192,NR,EVA,FRE,STG1519/2016
1012453-15,Nc Trek Coronary Dilatation Catheter 4.0 Mm X 15 Mm/rapid-exchange,EA,Single,1,32,,,28779,5192,NR,EVA,FRE,STG1519/2016
1012453-20,Nc Trek Coronary Dilatation Catheter 4.0 Mm X 20 Mm/rapid-exchange,EA,Single,1,32,,,28779,5192,NR,EVA,FRE,STG1519/2016
1012454-08,Nc Trek Coronary Dilatation Catheter 4.5 Mm X 8 Mm/rapid-exchange,EA,Single,1,32,,,28779,5192,NR,EVA,FRE,STG1519/2016
1012454-12,Nc Trek Coronary Dilatation Catheter 4.5 Mm X 12 Mm/rapid-exchange,BX,Box 1,1,32,,,28779,5192,NR,EVA,FRE,STG1519/2016
1012454-15,Nc Trek Coronary Dilatation Catheter 4.5 Mm X 15 Mm/rapid-exchange,EA,Single,1,32,,,28779,5192,NR,EVA,FRE,STG1519/2016
1012454-20,Nc Trek Coronary Dilatation Catheter 4.5 Mm X 20 Mm/rapid-exchange,BX,Box 1,1,32,,,28779,5192,NR,EVA,FRE,STG1519/2016
1012455-15,Nc Trek Coronary Dilatation Catheter 5.0 Mm X 15 Mm/rapid-exchange,EA,Single,1,32,,,28779,5192,NR,EVA,FRE,STG1519/2016
1013317,Hi-Torque Versaturn F 3cm/190cm (Fully Coated Tip),BX,Box 5,5,200,,,28779,5210,NR,EVA,NA,OFF CONTRACT
1013319,Hi-Torque Versaturn F 3cm/190cm (1cm Uncoated Tip),BX,Box 5,5,200,,,28779,5210,NR,EVA,NA,OFF CONTRACT
10135910,ACUNAV 8F Ultrasound Catheter,EA,Single,1,1250,,,11103,5050,NR,EVA,NA,OFF CONTRACT
1017250-48,Drug Eluting Stent Xience Pro 48 Everolimus Eluting Coronary Stent System 2.50 Mm X 48 Mm/rapid-exchange,EA,Single,1,262.5,,,28779,5195,NR,EVA,FRK,STG1519/2016
1017275-48,Drug Eluting Stent Xience Pro 48 Everolimus Eluting Coronary Stent System 2.75 Mm X 48 Mm/rapid-exchange,EA,Single,1,262.5,,,28779,5195,NR,EVA,FRK,STG1519/2016
1017300-48,Drug Eluting Stent Xience Pro 48 Everolimus Eluting Coronary Stent System 3.0 Mm X 48 Mm/rapid-exchange,EA,Single,1,262.5,,,28779,5195,NR,EVA,FRK,STG1519/2016
1017350-48,Drug Eluting Stent Xience Pro 48 Everolimus Eluting Coronary Stent System 3.50 Mm X 48 Mm/rapid-exchange,EA,Single,1,262.5,,,28779,5195,NR,EVA,FRK,STG1519/2016
1020010,Hi-Torque Flex Guide Wire .014 Uncoated Straight Tip 190 cm,BX,Box 5,5,200,,,28779,5210,NR,EVA,NA,OFF CONTRACT
1020014,High Torque Turntrac Flex Wire,BX,Box 5,5,200,,,28779,5240,NR,EVA,NA,OFF CONTRACT
1030007,BP Cuff adult single hose,BX,Box 10,10,32.94,,,31241,5275,NR,EVA,NA,OFF CONTRACT
1101LF,1 Piece Lead Coat-Style Aprun With Lumber Support Belt,PU,Pack 1,1,384.04,,,19628,5810,NR,EVA,BAA,OFF CONTRACT
1102LF,"2 piece coat style apron, lead free, coat top 35, all sizes",EA,Single,1,418.95,,,19628,5810,NR,EVA,BEB,QUOTE: 7507
11166,Femostop Ii Disposable Set,BX,Box 10,10,309.9,,,12017,5265,NR,EVA,NA,OFF CONTRACT
11168,Femostop Ii Compression Arch,BX,Box 1,1,99,,,12017,5265,NR,EVA,NA,OFF CONTRACT
11170,Femostop Reusable Pump,BX,Box 1,1,99,,,42809,5265,NR,EVA,NA,OFF CONTRACT
1130007,PLEASE GO TO BC-SP-04-B2 (BP Cuff Adult Dual Bayonet single patient),BX,Box 10,10,26.2,,,31241,5275,NR,EVA,NA,OFF CONTRACT
1130008,PLEASE GO TO BC-SP-05-B2 (BP Cuff L/Ad Dual Bayonet single patient),BX,Box 10,10,36.4,,,31241,5275,NR,EVA,NA,OFF CONTRACT
1204LF,Thyroid Protection Collar Lead Free,EA,Single,1,48.45,,,19628,5810,NR,EVA,BAA,OFF CONTRACT
1208-LEGPROT,1208 - LEG PROTECTORS (Pair),EA,Single,1,94.05,,,19628,5810,NR,EVA,BCZ,REF: 8361
12673-05,"Wound Closure Perclose Proglide, Suture-mediated Closure System",BX,Box 10,10,980,,,28779,5265,NR,EVA,FXS,SGH PRICING 2016 - 2017
131F7P,"Truwave Pressure Monitoring Cable Single Lead, Philips Moni",BX,Box 1,1,50,,,16899,5235,NR,EVA,FVA,STGPA00150718
131F7P,"Truwave Pressure Monitoring Cable Single Lead, Philips Moni",BX,Box 5,5,183.65,,,16899,5235,NR,EVA,FVA,STGPA00150718
134428,Post-it Z-notes Cube. The Notes Stick Again And Again. Removable Without Residues. 450 Notes Per Block. Dimensions (w X H): 76 X 76 Mm. Colour: Yellow.,PU,Pack 1,1,3.27,,,35893,5900,NR,EVA,NA,OFF CONTRACT
1500225-18,Xience Sierra Everolimus Eluting Coronary Stent Systems 2.25 Mm X 18 Mm / Rapid-exchange,BX,Box 1,1,210,,,28779,5195,NR,EVA,FRK,STG1519/2016
1500225-23,Xience Sierra Everolimus Eluting Coronary Stent Systems 2.25 Mm X 23 Mm / Rapid-exchange,BX,Box 1,1,210,,,28779,5195,NR,EVA,FRK,STG1519/2016
1500250-15,Xience Sierra Everolimus Eluting Coronary Stent Systems 2.50 Mm X 15 Mm / Rapid-exchange,BX,Box 1,1,210,,,28779,5195,NR,EVA,FRK,STG1519/2016
1500250-18,Xience Sierra Everolimus Eluting Coronary Stent Systems 2.50 Mm X 18 Mm / Rapid-exchange,BX,Box 1,1,210,,,28779,5195,NR,EVA,FRK,STG1519/2016
1500250-23,Xience Sierra Everolimus Eluting Coronary Stent Systems 2.50 Mm X 23 Mm / Rapid-exchange,BX,Box 1,1,210,,,28779,5195,NR,EVA,FRK,STG1519/2016
1500250-28,Xience Sierra Everolimus Eluting Coronary Stent Systems 2.50 Mm X 28 Mm / Rapid-exchange,BX,Box 1,1,210,,,28779,5195,NR,EVA,FRK,STG1519/2016
1500250-33,Xience Sierra Everolimus Eluting Coranry Stent 2.5X33mm,EA,Single 1,1,210,,,28779,5195,NR,EVA,FRK,OFF CONTRACT
1500250-38,Xience Sierra Everolimus Eluting Coranry Stent 2.5X38mm,EA,Single 1,1,210,,,28779,5195,NR,EVA,FRK,OFF CONTRACT
1500275-08,Xience Sierra Everolimus Eluting Coronary Stent Systems 2.75 Mm X 08 Mm / Rapid-exchange,BX,Box 1,1,210,,,28779,5195,NR,EVA,FRK,STG1519/2016
1500275-12,Xience Sierra Everolimus Eluting Coronary Stent Systems 2.75 Mm X 12 Mm / Rapid-exchange,BX,Box 1,1,210,,,28779,5195,NR,EVA,FRK,STG1519/2016
1500275-15,Xience Sierra Everolimus Eluting Coronary Stent Systems 2.75 Mm X 15 Mm / Rapid-exchange,BX,Box 1,1,210,,,28779,5195,NR,EVA,FRK,STG1519/2016
1500275-18,Xience Sierra Everolimus Eluting Coronary Stent Systems 2.75 Mm X 18 Mm / Rapid-exchange,BX,Box 1,1,210,,,28779,5195,NR,EVA,FRK,STG1519/2016
1500275-23,Xience Sierra Everolimus Eluting Coronary Stent Systems 2.75 Mm X 23 Mm / Rapid-exchange,BX,Box 1,1,210,,,28779,5195,NR,EVA,FRK,STG1519/2016
1500275-28,Xience Sierra Everolimus Eluting Coronary Stent Systems 2.75 Mm X 28 Mm / Rapid-exchange,BX,Box 1,1,210,,,28779,5195,NR,EVA,FRK,STG1519/2016
1500275-33,Xience Sierra Everolimus Eluting Coranry Stent 2.75X33mm,EA,Single 1,1,210,,,28779,5195,NR,EVA,FRK,OFF CONTRACT
1500275-38,Xience Sierra Everolimus Eluting Coranry Stent 2.75X38mm,EA,Single 1,1,210,,,42809,5195,NR,EVA,FRK,OFF CONTRACT
1500300-08,Xience Sierra Everolimus Eluting Coronary Stent Systems 3.00 Mm X 08 Mm / Rapid-exchange,BX,Box 1,1,210,,,28779,5195,NR,EVA,FRK,STG1519/2016
1500300-15,Xience Sierra Everolimus Eluting Coronary Stent Systems 3.00 Mm X 15 Mm / Rapid-exchange,BX,Box 1,1,210,,,28779,5195,NR,EVA,FRK,STG1519/2016
1500300-18,Xience Sierra Everolimus Eluting Coronary Stent Systems 3.00 Mm X 18 Mm / Rapid-exchange,BX,Box 1,1,210,,,28779,5195,NR,EVA,FRK,STG1519/2016
1500300-23,Xience Sierra Everolimus Eluting Coronary Stent Systems 3.00 Mm X 23 Mm / Rapid-exchange,BX,Box 1,1,210,,,28779,5195,NR,EVA,FRK,STG1519/2016
1500300-28,Xience Sierra Everolimus Eluting Coronary Stent Systems 3.00 Mm X 28 Mm / Rapid-exchange,BX,Box 1,1,210,,,28779,5195,NR,EVA,FRK,STG1519/2016
1500300-33,Xience Sierra Everolimus Eluting Coranry Stent 3.0X33mm,EA,Single 1,1,210,,,28779,5195,NR,EVA,FRK,OFF CONTRACT
1500300-38,Xience Sierra Everolimus Eluting Coranry Stent 3.0X38mm,EA,Single 1,1,210,,,42809,5195,NR,EVA,FRK,OFF CONTRACT
1500350-15,Xience Sierra Everolimus Eluting Coronary Stent Systems 3.50 Mm X 15 Mm / Rapid-exchange,BX,Box 1,1,210,,,28779,5195,NR,EVA,FRK,STG1519/2016
1500350-18,Xience Sierra Everolimus Eluting Coronary Stent Systems 3.50 Mm X 18 Mm / Rapid-exchange,BX,Box 1,1,210,,,28779,5195,NR,EVA,FRK,STG1519/2016
1500350-23,Xience Sierra Everolimus Eluting Coronary Stent Systems 3.50 Mm X 23 Mm / Rapid-exchange,BX,Box 1,1,210,,,28779,5195,NR,EVA,FRK,STG1519/2016
1500350-28,Xience Sierra Everolimus Eluting Coronary Stent Systems 3.50 Mm X 28 Mm / Rapid-exchange,BX,Box 1,1,210,,,28779,5195,NR,EVA,FRK,STG1519/2016
1500350-33,Xience Sierra Everolimus Eluting Coranry Stent 3.5X33mm,EA,Single 1,1,210,,,42809,5195,NR,EVA,FRK,OFF CONTRACT
1500350-38,Xience Sierra Everolimus Eluting Coranry Stent 3.5X38mm,EA,Single 1,1,210,,,28779,5195,NR,EVA,FRK,OFF CONTRACT
1500400-08,Xience Sierra Everolimus Eluting Coronary Stent Systems 4.00 Mm X 08 Mm / Rapid-exchange,BX,Box 1,1,210,,,28779,5195,NR,EVA,FRK,STG1519/2016
1500400-15,Xience Sierra Everolimus Eluting Coronary Stent Systems 4.00 Mm X 15 Mm / Rapid-exchange,BX,Box 1,1,210,,,28779,5195,NR,EVA,FRK,STG1519/2016
1500400-18,Xience Sierra Everolimus Eluting Coronary Stent Systems 4.00 Mm X 18 Mm / Rapid-exchange,BX,Box 1,1,210,,,28779,5195,NR,EVA,FRK,STG1519/2016
1500400-23,Xience Sierra Everolimus Eluting Coronary Stent Systems 4.00 Mm X 23 Mm / Rapid-exchange,BX,Box 1,1,210,,,28779,5195,NR,EVA,FRK,STG1519/2016
1500400-28,Xience Sierra Everolimus Eluting Coronary Stent Systems 4.00 Mm X 28 Mm / Rapid-exchange,BX,Box 1,1,210,,,28779,5195,NR,EVA,FRK,STG1519/2016
1500400-33,Xience Sierra Everolimus Eluting Coranry Stent 4.0X33mm,EA,Single 1,1,210,,,28779,5195,NR,EVA,FRK,OFF CONTRACT
1500400-38,Xience Sierra Everolimus Eluting Coranry Stent 4.0X38mm,EA,Single 1,1,210,,,28779,5195,NR,EVA,FRK,OFF CONTRACT
1903GB,"5 Cm X 7.5 Cm, Surgicel Absorbable Haemostat, 12 Pieces",BX,Box 12,12,141.71,,,11103,5030,NR,EVA,ENQ,LIST PRICE - EXP 31/3/15
1G02277,Latex Free TEE Kit,BX,Box 12,12,88.6,,,34758,5260,NR,EVA,FRU,OFF CONTRACT
210-103-5U,1.0X10mm Sapphire 2 Pro Ptca Balloon,BX,Box 1,1,140,,,25820,5192,NR,EVA,FRE,OFF CONTRACT
210-153-5U,1.0X15mm Sapphire 2 Pro Ptca Balloon,BX,Box 1,1,100,,,25820,5192,NR,EVA,FRE,OFF CONTRACT
250-010-004,2.5x10mm High Pressure 35atm NC Balloon,EA,Single,1,195,,,25820,5192,NR,EVA,FXD,OFF CONTRACT
2500,"Round Image Intensifier Covers 76cm Diameter, Packaged In Sterile Pouch",BX,Box 20,20,29,,,19628,5450,NR,EVA,NA,OFF CONTRACT
250120660,Grip Rx PTCA Catheter 2.5 x 12mm,EA,Single,1,295,,,39216,5192,NR,EVA,NA,OFF CONTRACT
250160660,Grip Rx PTCA Catheter 2.5 x 16mm,EA,Single,1,295,,,39216,5192,NR,EVA,NA,OFF CONTRACT
2511,"Rectangular Clear Pb Barriers Covers 104cm H X 104cm W, Packaged In Sterile Pouch",PU,Pack 20,20,50,,,19628,5450,NR,EVA,NA,OFF CONTRACT
270715,ChloraPrep 10.5ml With Tint Applicators (4 Cartons Of 25),CS,Case 100,100,306.6,,,38399,5000,NR,EVA,NA,OFF CONTRACT
300-010-004,3.0x10mm High Pressure 35atm NC Balloon,EA,Single,1,195,,,25820,5192,NR,EVA,FXD,OFF CONTRACT
300120660,Grip Rx PTCA Catheter 3.0 x 12mm,EA,Single,1,295,,,39216,5192,NR,EVA,NA,OFF CONTRACT
300160660,Grip Rx PTCA Catheter 3.0 x 16mm,EA,Single,1,295,,,39216,5192,NR,EVA,NA,OFF CONTRACT
3215006,"Office Depot Coloured Paper. Clear Wrap Shows Colour Whilst Keeping Paper In Optimum Condition. Guaranteed For Laser, Inkjet Printers And Copiers. Format: A4. Weight: 80 Gsm. Colour: Pink. Quantity: 500 Sheets.",PU,Pack 500,500,2.6,,,35893,5900,NR,EVA,NA,OFF CONTRACT
326/2/9.37,Kennex Replacement glass for 326/05,EA,Single 1,1,2147,,,10100,5450,NR,EVA,JMB,OFF CONTRACT
3357333,Niceday Economy Punched Pockets. Lightweight For A4 Format. It Is Designed To Fit All Binders. The Pockets Are Embossed Anti-glare Finish With White Spine. Format: A4. Quantity: 100 Pieces.,PU,Pack 100,100,0.88,,,35893,5900,NR,EVA,NA,OFF CONTRACT
3399791,"Niceday Economy Packaging Tape. Made Of Polypropylene. With Hotmelt Adhesive Coating. Easy Rolling, Guarantees A Secure Closing Of Your Light To Medium Duty Cartons. Dimensions (w X L): 50 Mm X 66 M. Thickness: 40 Micron. Colour: Brown. Quantity: 6 Pieces",PU,Pack 6,6,2.43,,,35893,5900,NR,EVA,NA,OFF CONTRACT
345EN,Endozime Enzymatic Instrument And Scope Cleaner 4 Litre Insyellowins,CS,Case 4,4,130.95,,,16511,5050,NR,EVA,FYY,STG PRICING AGREEMENT 201
3475.9,Drape Fenestrated Towel With Adhesive 75cm X 90cm With 7cm X 12cm Adhesive Fenestration,BX,Box 30,30,25.2,,,12293,5275,NR,EVA,NA,OFF CONTRACT
350120660,Grip Rx PTCA Catheter 3.5 x 12mm,EA,Single,1,295,,,39216,5192,NR,EVA,NA,OFF CONTRACT
356318,TC-115 Balloon Tipped Temporary Pacing Electrode,BX,Box 5,5,200,,,10226,5240,NR,EVA,NA,OFF CONTRACT
35T2515R,"7 Fr, Curve D, 25 To 15 Mm, Spacing 2-6-2 Mm, Number Of Electrodes 20, Lasso(tm) Deflectable Diagnostic Catheters, Length 115 Cm, Connector Redel 10",BX,Box 1,1,725,,,11103,5210,NR,EVA,FRD,OFF CONTRACT
36J13R,"7 Fr, Curve Halo(tm), Number Of Electrodes 20, Spacing (20)-2-8-2 Mm, Webster(tm) Deflectable Diagnostic Catheters, Length 110 Cm, Connector 2 X Redel 10",BX,Box 1,1,550,,,11103,5210,NR,EVA,FRD,OFF CONTRACT
36O27R,"7 Fr, Curve C, Tip Electrode 4 Mm, Celsius(tm) Ablation Catheters, Spacing 2-5-2 Mm, Length 115 Cm, Color Code Green, Connector Redel 10, Thermistor (thr)",BX,Box 1,1,415,,,11103,5180,NR,EVA,FRP,OFF CONTRACT
36O37R,"7 Fr, Curve D, Tip Electrode 4 Mm, Celsius(tm) Ablation Catheters, Spacing 2-5-2 Mm, Length 115 Cm, Color Code Blue, Connector Redel 10, Thermistor (thr)",BX,Box 1,1,415,,,11103,5180,NR,EVA,FRP,OFF CONTRACT
39F41R,"Length 0.9 M, For 2, 4, 6, 8 And 10 Pole Catheters, Auto-clavable Yes, Connector At Catheter Redel 10, Ep-system 10 Protected Tip Pins, Diagnostic Catheters",BX,Box 1,1,60,,,11103,5180,NR,EVA,FRP,01000/0006230
400120660,Grip Rx PTCA Catheter 4.0 x 12mm,EA,Single,1,295,,,39216,5192,NR,EVA,NA,OFF CONTRACT
400160660,Grip Rx PTCA Catheter 4.0 x 16mm,EA,Single,1,295,,,39216,5192,NR,EVA,NA,OFF CONTRACT
401661,Reflexion Hd Connector Cable,EA,Single,1,50,,,42809,5249,NR,EVA,NA,OFF CONTRACT
401860,"Supreme Fixed Quads, 5f Crd-2 Curve 2-5-2mm Spacing",EA,Single,1,80,,,42809,5181,NR,EVA,NA,OFF CONTRACT
405104,Peel Away Intro Kit 6f 1 4cm (5),BX,Box 5,5,72,,,42809,5275,NR,EVA,NA,OFF CONTRACT
405108,Peel Away Intro Kit 7f 1 4cm (5),BX,Box 5,5,72,,,42809,5275,NR,EVA,NA,OFF CONTRACT
405112,Peel-awy Intro Kit 8f 14 Cm (5),BX,Box 5,5,72,,,42809,5275,NR,EVA,NA,OFF CONTRACT
405116,Peel-awy Intro Kit 9f 14 Cm (5),BX,Box 5,5,72,,,42809,5275,NR,EVA,NA,OFF CONTRACT
405120,Peel Away Intro Kit 10f 14cm (5),BX,Box 5,5,72,,,42809,5275,NR,EVA,NA,OFF CONTRACT
405124,Peel Away – 11F .038 14cm,BX,Box 5,5,82,,,12017,5235,NR,EVA,NA,OFF CONTRACT
406853,Hemo Intro 8.5f 60cm Sr0 038gw (1),EA,Single,1,100,,,42809,5275,NR,EVA,NA,OFF CONTRACT
406898,Introducer RAMP Sheath,BX,Box 1,1,100,,,42809,5275,NR,EVA,NA,OFF CONTRACT
406965,Str Pkg Hemo Intro Right Hr Sh,EA,Single,1,100,,,42809,5275,NR,EVA,NA,OFF CONTRACT
407200,"Transseptal Needles Brk, Adult, 18ga. 71cm",EA,Single,1,100,,,42809,5275,NR,EVA,NA,OFF CONTRACT
407201,Trnssptl Ndl 71cm Adult Brk-1,EA,Single,1,100,,,42809,5260,NR,EVA,NA,OFF CONTRACT
407362,"Lamp 45, 8.5F, 63cm",EA,Single,1,100,,,12017,5235,NR,EVA,NA,OFF CONTRACT
407451,"Str Pkg Assy,swartz Br Lh Trin (sl0)",BX,Box 1,1,100,,,12017,5235,NR,EVA,NA,OFF CONTRACT
407453,Braided Transeptral Introducer Sheath 63cm,EA,Single,1,100,,,12017,5235,NR,EVA,NA,OFF CONTRACT
407690,Ultimum Intr Set Ev 20f 30cm - G4,BX,Box 1,1,195,,,42809,5235,NR,EVA,NA,OFF CONTRACT
408310,Dual-Reach 71 cm Sheath - 8.5 F Medium Curl,EA,Single,1,650,,,42809,5210,NR,EVA,NA,OFF CONTRACT
408333,Dual-Reach 40 cm Sheath - 8.5 F Small Curl,EA,Single,1,650,,,42809,5235,NR,EVA,NA,OFF CONTRACT
4411PACINGCABLE,Threshold Cables 2mm Exposed Pins/alligator,BX,Box 10,10,115.9,,,10100,5450,NR,EVA,JAA,OFF CONTRACT
4856715,Office Depot Polypropylene Lever Arch Files A4 70mm Red,PU,Pack 1,1,1.03,,,35893,5900,NR,EVA,NA,OFF CONTRACT
50-8695,Mayo Needle Holder - Serrated B/J 18cm,EA,Single,1,32.47,,,12775,5050,NR,EVA,NA,OFF CONTRACT
5023234,Sequent Balloon 3.0X25mm,EA,Single,1,510,,,14174,5192,NR,EVA,NA,OFF CONTRACT
502455,".035 In X 260 Cm, Emerald(tm) Fixed-core Exchange Guidewire, J-curve, J-radius 3 Mm, Flexible End 7 Cm, Ptfe Coated",BX,Box 5,5,23.69,,,40995,5181,NR,EVA,NA,OFF CONTRACT
502521,".035 In X 150 Cm, Emerald(tm) Fixed-core Guidewire, J-curve, J-radius 3 Mm, Flexible End 7 Cm, Ptfe Coated",BX,Box 5,5,23.69,,,40995,5181,NR,EVA,NA,OFF CONTRACT
504505X,"5 Fr, .035 In, Vessel Dilator, Usable Length 19 Cm",BX,Box 10,10,70.2,,,40995,5275,NR,EVA,FKG,72738-CRD
504506X,"6 Fr, .038 In, Vessel Dilator, Usable Length 19 Cm",BX,Box 10,10,70.2,,,40995,5181,NR,EVA,FRB,72738-CRD
504507X,"7 Fr .038 In, Vessel Dilator, Usable Length 19 Cm",BX,Box 10,10,70.2,,,40995,5181,NR,EVA,FRB,72738-CRD
504508X,"8 Fr, .038 In, Vessel Dilator, Usable Length 17 Cm",BX,Box 10,10,70.2,,,40995,5181,NR,EVA,FRB,72738-CRD
504604X,"4 Fr 0.035 In X 11 Cm, Avanti(tm) Plus Standard Sheath Introducer, With Mini Guidewire 45 Cm",BX,Box 5,5,37.6,,,40995,5235,NR,EVA,FVD,OFF CONTRACT
504605X,"5 Fr 0.038 In X 11 Cm, Avanti(tm) Plus Standard Sheath Introducer, With Mini Guidewire 45 Cm",BX,Box 5,5,37.6,,,40995,5235,NR,EVA,FVD,OFF CONTRACT
504606X,"6 Fr 0.038 In X 11 Cm, Avanti(tm) Plus Standard Sheath Introducer, With Mini Guidewire 45 Cm - 504606x",BX,Box 5,5,37.6,,,40995,5235,NR,EVA,FVD,OFF CONTRACT
504607X,"7 Fr 0.038 In X 11 Cm, Avanti(tm) Plus Standard Sheath Introducer, With Mini Guidewire 45 Cm",BX,Box 5,5,37.6,,,40995,5235,NR,EVA,FVD,OFF CONTRACT
504608X,"8 Fr 0.038 In X 11 Cm, Avanti(tm) Plus Standard Sheath Introducer, With Mini Guidewire 45 Cm",BX,Box 5,5,37.6,,,40995,5235,NR,EVA,FVD,OFF CONTRACT
504611X,"11 Fr 0.038 In X 11 Cm, Avanti(tm) Plus Standard Sheath Introducer, With Mini Guidewire 45 Cm",BX,Box 5,5,37.6,,,40995,5235,NR,EVA,FVD,OFF CONTRACT
512142J,".014 In X 180 Cm, Wizdom(tm), Soft Tip, J-curve Tip, Ptfe/duraglide",BX,Box 5,5,200.85,,,40995,5210,NR,EVA,FRD,72738-CRD
5200,Twin-pass Dual Access Catheter-single,BX,Box 1,1,250,,,25606,5191,NR,EVA,NA,OFF CONTRACT
5201,Twinpass Torque 7mm 3.5f X 3.5f,BX,Box 1,1,600,,,25606,5181,NR,EVA,NA,OFF CONTRACT
522668,Rexel Staples 24/6 No.16,BX,Box 5000,5000,0.44,,,35893,5900,NR,EVA,NA,OFF CONTRACT
52266S,6F Cournand Temp Pacing Wire,BX,Box 5,5,300,,,24713,5250,NR,EVA,NA,OFF CONTRACT
527745,"7 Fr, N.i.h. 100 Cm, High Flow(tm) Diagnostic Catheter, Guidewire Acceptance .038 In, Body Inner Lumen .057 In, Polyurethane",BX,Box 5,5,29.87,,,40995,5181,NR,EVA,NA,OFF CONTRACT
5311602,"Niceday Copy Paper. Good For Your Printing, Easy On Your Wallet. Format: A4. Weight: 80 Gsm. Quantity: 500 Pieces.",BX,Box 1,1,8.44,,,35893,5900,NR,EVA,NA,OFF CONTRACT
533-554,Ar2 Mod 5F Super Torque,BX,Box 5,5,29.87,,,40995,5181,NR,EVA,FRB,OFF CONTRACT
533540,"5.2 Fr, Amplatz Left I, Supertorque(tm) Plus Diagnostic Catheter, Guidewire Acceptance .038 In, Body Inner Lumen .044 In, Polyurethane",BX,Box 5,5,29.87,,,40995,5181,NR,EVA,NA,OFF CONTRACT
533578,"5.2 Fr, Multipurpose A 1 Cournand, 80 Cm, Supertorque(tm) Plus Diagnostic Catheter, Guidewire Acceptance .038 In, Body Inner Lumen .044 In, Polyurethane",BX,Box 5,5,29.87,,,40995,5181,NR,EVA,NA,OFF CONTRACT
533618,"6 Fr, Judkins Left 3.5, Supertorque(tm) Plus Diagnostic Catheter, Guidewire Acceptance .038 In, Body Inner Lumen .051 In, Polyurethane",BX,Box 5,5,29.87,,,11103,5181,NR,EVA,NA,OFF CONTRACT
533620,"6 Fr, Judkins Left 4, Supertorque(tm) Plus Diagnostic Catheter, Guidewire Acceptance .038 In, Body Inner Lumen .051 In, Polyurethane",BX,Box 5,5,29.87,,,40995,5181,NR,EVA,NA,OFF CONTRACT
533621,"6 Fr, Judkins Right 4, Supertorque(tm) Plus Diagnostic Catheter, Guidewire Acceptance .038 In, Body Inner Lumen .051 In, Polyurethane",BX,Box 5,5,29.87,,,11103,5181,NR,EVA,NA,OFF CONTRACT
533640,"6 Fr, Multipurpose A 1, Supertorque(tm) Plus Diagnostic Catheter, Guidewire Acceptance .038 In, Body Inner Lumen .051 In, Polyurethane",BX,Box 5,5,29.87,,,40995,5181,NR,EVA,NA,OFF CONTRACT
533642,"6 Fr, Multipurpose A-2, 100 Cm, Supertorque(tm) Plus Diagnostic Catheter, Guidewire Acceptance .038 In, Body Inner Lumen .051 In, Polyurethane",BX,Box 5,5,29.87,,,40995,5181,NR,EVA,NA,OFF CONTRACT
533645,"6 Fr, Amplatz Left I, Supertorque(tm) Plus Diagnostic Catheter, Guidewire Acceptance .038 In, Body Inner Lumen .051 In, Polyurethane",BX,Box 5,5,29.87,,,40995,5181,NR,EVA,NA,OFF CONTRACT
533646,"6 Fr, Amplatz Left Ii, Supertorque(tm) Plus Diagnostic Catheter, Guidewire Acceptance .038 In, Body Inner Lumen .051 In, Polyurethane",BX,Box 5,5,29.87,,,40995,5181,NR,EVA,NA,OFF CONTRACT
533648,"6 Fr, Amplatz Right Modified, Supertorque(tm) Plus Diagnostic Catheter, Guidewire Acceptance .038 In, Body Inner Lumen .051 In, Polyurethane",BX,Box 5,5,29.87,,,40995,5181,NR,EVA,NA,OFF CONTRACT
533650E,"6 Fr, Straight Pigtail 8 Side Holes, Supertorque(tm) Plus Diagnostic Catheter, Guidewire Acceptance .038 In, Body Inner Lumen .051 In, Polyurethane",BX,Box 5,5,29.87,,,40995,5181,NR,EVA,FRB,72738-CRD
533676,"6 Fr, Right Coronary 3 Dimensional Williams, Supertorque(tm) Plus Diagnostic Catheter, Guidewire Acceptance .038 In, Body Inner Lumen .051 In, Polyurethane",BX,Box 3,3,17.92,,,40995,5181,NR,EVA,NA,OFF CONTRACT
533692C,"6 Fr, Supertorque Plus, Diagnostic Corpac, 3 Catheters Jl4 (533620), Jr4 (533621), Pig (533650e Straight), 1 Sheath Introducer Avanti Plus (504606x) With Miniguidewire, 1 Guidewire (502521 .035 In)",BX,Box 10,10,265.74,,,40995,5181,NR,EVA,FRB,72738-CRD
534518T,"5 Fr, Judkins Left 3.5, Infiniti(tm) Diagnostic Catheter, Guidewire Acceptance .038 In, Body Inner Lumen .047 In, Polyurethane",BX,Box 5,5,29.87,,,40995,5181,NR,EVA,FRB,72738-CRD
534520T,"5 Fr, Judkins Left 4, Infiniti(tm) Diagnostic Catheter, Guidewire Acceptance .038 In, Body Inner Lumen .047 In, Polyurethane",BX,Box 5,5,29.87,,,40995,5181,NR,EVA,FRB,72738-CRD
534521T,"5 Fr, Judkins Right 4, Infiniti(tm) Diagnostic Catheter, Guidewire Acceptance .038 In, Body Inner Lumen .047 In, Polyurethane",BX,Box 5,5,29.87,,,40995,5181,NR,EVA,FRB,72738-CRD
534522T,"5 Fr, Judkins Left 5, Infiniti(tm) Diagnostic Catheter, Guidewire Acceptance .038 In, Body Inner Lumen .047 In, Polyurethane",BX,Box 5,5,29.87,,,40995,5181,NR,EVA,FRB,72738-CRD
534541T,"5 Fr, Amplatz Right 1 Modified, Infiniti(tm) Diagnostic Catheter, Guidewire Acceptance .038 In, Body Inner Lumen .047 In, Polyurethane",BX,Box 5,5,29.87,,,40995,5181,NR,EVA,FRB,72738-CRD
534542T,"5 Fr, Multipurpose A-2, 100 Cm, Infiniti(tm) Diagnostic Catheter, Guidewire Acceptance .038 In, Body Inner Lumen .047 In, Polyurethane",BX,Box 5,5,29.87,,,40995,5181,NR,EVA,FRB,72738-CRD
534548T,"5 Fr, Amplatz Right Modified, Infiniti(tm) Diagnostic Catheter, Guidewire Acceptance .038 In, Body Inner Lumen .047 In, Polyurethane",BX,Box 5,5,29.87,,,40995,5181,NR,EVA,FRB,72738-CRD
534550E,"5 Fr, Straight Pigtail 8 Side Holes, Infiniti(tm) Diagnostic Catheter, Guidewire Acceptance .038 In, Body Inner Lumen .047 In, Polyurethane",BX,Box 5,5,29.87,,,40995,5181,NR,EVA,FRB,72738-CRD
534560T,"5 Fr, Internal Mammary, Infiniti(tm) Diagnostic Catheter, Guidewire Acceptance .038 In, Body Inner Lumen .047 In, Polyurethane",BX,Box 5,5,29.87,,,40995,5181,NR,EVA,FRB,72738-CRD
534576T,"5 Fr, Right Coronary 3 Dimensional Williams, Infiniti(tm) Diagnostic Catheter, Guidewire Acceptance .038 In, Body Inner Lumen .047 In, Polyurethane",BX,Box 3,3,17.92,,,40995,5181,NR,EVA,FRB,72738-CRD
53841811103,"4 Fr, Judkins Left 3.5, Quick Care Infiniti(Tm) Diagnostic Catheter, Guidewire Acceptance .035 In, Body Inner Lumen .042 In, Polyurethane",BX,Box 5,5,29.87,,,40995,5275,NR,EVA,NA,OFF CONTRACT
538420,"4 Fr, Judkins Left 4, Quick Care Infiniti(tm) Diagnostic Catheter, Guidewire Acceptance .035 In, Body Inner Lumen .042 In, Polyurethane",BX,Box 5,5,29.87,,,40995,5181,NR,EVA,NA,OFF CONTRACT
53842111103,"4 Fr, Judkins Right 4, Quick Care Infiniti(Tm) Diagnostic Catheter, Guidewire Acceptance .035 In, Body Inner Lumen .042 In, Polyurethane",BX,Box 5,5,29.87,,,40995,5275,NR,EVA,NA,OFF CONTRACT
538460,"4 Fr, Internal Mammary, Quick Care Infiniti(tm) Diagnostic Catheter, Guidewire Acceptance .035 In, Body Inner Lumen .042 In, Polyurethane",BX,Box 5,5,29.87,,,40995,5181,NR,EVA,NA,OFF CONTRACT
538682,Sellotape Original Clear Tape 25mm X 33m - Pack Of 6,PU,Pack 6,6,6.54,,,35893,5900,NR,EVA,NA,OFF CONTRACT
54500,"Adult Underbody Blanket, Single Hose Port",BX,Box 10,10,105.5,,,12165,5275,NR,EVA,NA,OFF CONTRACT
5566,Trapliner 6Fr,BX,Box 1,1,450,,,25606,5275,NR,EVA,NA,OFF CONTRACT
5567,Trapliner 7Fr,EA,Single 1,1,450,,,25606,5192,ZE,EVA,NA,OFF CONTRACT
5568,Trapliner 8Fr,BX,Box 1,1,450,,,25606,5192,NR,EVA,NA,OFF CONTRACT
5569,5F Guideliner Coronary Micro-Catheter,EA,Single,1,300,,,25606,5191,NR,EVA,NA,OFF CONTRACT
5571,6f Guide Liner,EA,Single,1,300,,,25606,5191,NR,EVA,NA,OFF CONTRACT
5621,Turnpike Gold Microcatheter,BX,Box 1,1,700,,,25606,5191,NR,EVA,NA,OFF CONTRACT
5640,Turnpike Spiral Micro Catheter,PU,Pack 1,1,600,,,25606,5181,NR,EVA,NA,OFF CONTRACT
610-1212,CIV-Flex Covers for use with Siemens Freestyle ultrasound system,BX,Box 24,24,150,,,14854,5275,NR,EVA,FXB,CB/3006
610132,6f Angio-seal Vip Ous Final Assy Ap G2,BX,Box 10,10,900,,,12140,5265,NR,EVA,NA,OFF CONTRACT
612-113,Sterile 15.2 Tapered To 7.6 X 183cm (6in Tapered To 3in X 72in) Poly Accordion-folded Cover,BX,Box 12,12,80,,,14854,5050,NR,EVA,FBU,OFF CONTRACT
67-2412,Iris Scissors Light Weight S/P STR 11cm,EA,Single,1,18.47,,,12775,5050,NR,EVA,NA,OFF CONTRACT
7284195,Bi.office Display Case Mastervision. Made Out Of Aluminium. Lockable: Yes. Colour: White And Transparent.,PU,Pack 1,1,33.03,,,35893,6290,NR,EVA,NA,OFF CONTRACT
800944,NAVVUS Microcatheter,BX,Box 5,5,1625,,,42704,5210,NR,EVA,NA,OFF CONTRACT
83-8882,Ball And Socket Towel Clip 3.5,EA,Single,1,6.54,,,12775,5050,NR,EVA,NA,OFF CONTRACT
85785,Cool Point Tubing Set,EA,Single,1,20,,,42809,5180,NR,EVA,NA,OFF CONTRACT
85900P,Eagle Eye Platinum Rx Digital Ivus Catheter,BX,Box 1,1,425,,,36885,5181,ZE,EVA,FRB,2012-250
896025001,Truwave Pressure Monitoring Cable Single Lead,PU,Pack 1,1,50,,,16899,5050,NR,EVA,NA,OFF CONTRACT
9-ITV8F45/80,Torqvue Delivery System 8F,EA,Single,1,235,,,42809,5197,NR,EVA,NA,OFF CONTRACT
990061-055,Sheath 990061-055 Arrive,BX,Box 1,1,100,,,11342,5180,NR,EVA,FRP,T-0863518-5
A-TCSE-DF,"Tacticath Se Contact Force Catheter 8F,3.5mm,D-F Curve,115cm",BX,Box 1,1,1250,,,42809,5191,NR,EVA,FRF,OFF CONTRACT
AG14002,Asahi Grand Slam 180cm Straight  Ptca Guide Wire,BX,Box 5,5,450,,,25820,5210,NR,EVA,FRD,OFF CONTRACT
AG149000,Asahi Extensin 165cm Ptca Guide Wire,BX,Box 5,5,450,,,25820,5210,NR,EVA,FRD,OFF CONTRACT
AG14M050,Miracle 3 / Miraclebros 3 180cm Straight (pack 5),BX,Box 5,5,450,,,25820,5235,NR,EVA,FVT,VPM20140221
AG14M070,Miracle 12 / Miraclebros 12 180cm Straight,BX,Box 5,5,550,,,25820,5235,NR,EVA,FVT,VPM20140221
AGH143091,Confianza Pro 12 Asahi Wire,BX,Box 5,5,450,,,25820,5210,NR,EVA,FRD,OFF CONTRACT
AGP140002,Fielder Xt 190cm Straight,BX,Box 5,5,450,,,25820,5210,NR,EVA,FRD,VPM20140221
AHW10S302S,ASAHI RG3 330cm Straight,BX,Box 5,5,600,,,25820,5275,NR,EVA,FKB,OFF CONTRACT
AHW14R004S,0.014 Asahi Guidewires,BX,Box 5,5,300,,,25820,5191,NR,EVA,FES,OFF CONTRACT
AHW14R013P,Asahi Suoh 03 Pre Shaped Wire,BX,Box 5,5,900,,,25820,5210,NR,EVA,FRD,OFF CONTRACT
AHW14R017S,Asahi Sion Blue Es 180cm Ptca Guide Wire,BX,Box 5,5,350,,,25820,5210,NR,EVA,FRD,OFF CONTRACT
AHW14R301S,Asahi Sion 300cm Straight  Ptca Guide Wire,BX,Box 5,5,450,,,25820,5210,NR,EVA,FRD,OFF CONTRACT
APT901957,"Map-It Shrouded Deca Ext Cable, 20 Pole 210cm",EA,Single 1,1,84,,,15949,5275,NR,EVA,FJE,OFF CONTRACT
APT903215,Map-It 4/3.3F Deca S 2-8-2 Electrode 120cm,EA,Single 1,1,459,,,15949,5275,NR,EVA,FJE,OFF CONTRACT
APW14R009S,ASAHI Fielder XT-A 190cm Straight PTCA Guidewires,BX,Box 5,5,450,,,25820,5191,NR,EVA,FES,OFF CONTRACT
APW14R010S,ASAHI SION Black 190cm Straight Guidewires,BX,Box 5,5,450,,,25820,5191,NR,EVA,FES,OFF CONTRACT
AVM0482PP,Pink Plastic Trays,BX,Box 500,500,83.86,,,29656,5241,NR,EVA,FCS,PRICING 2018
BADGEDOMED,Name Badge - Domed & Pin inc SGH Logo blk on wht,EA,Single,1,1.49,,,28838,5900,NR,EVA,WKG,OFF CONTRACT
BC-SP-04-B2,Bp Cuff Adult Dual Bayonet Single Patient,BX,Box 10,10,26.2,,,31241,5275,NR,EVA,FJH,OFF CONTRACT
BDI35DFRT,Thermocool Sf Bi-dir Catheter - Bdi35dfrt,BX,Box 1,1,705,,,11103,5180,NR,EVA,FRP,OFF CONTRACT
BRX0605,Blimp Cto Scoring Balloon,EA,Single,1,900,,,28779,5195,NR,EVA,FXD,OFF CONTRACT
BV682105,Ohmeda R.o.s.e. - Product Code - Bv682105,CS,Case 25,25,94.68,,,31758,5275,NR,EVA,FJB,OFF CONTRACT
C12059,Pressurewire Gen X Guide Wire,BX,Box 5,5,1700,,,42809,5210,NR,EVA,FRD,NI-EM-ST GEORGE'S-23519
C2IVL3512,"Coronary Ivl Catheter, 3.5 X 12mm",EA,Single,1,1200,,,43107,5181,NR,EVA,FRB,OFF CONTRACT
C2IVL4012,"Coronary Ivl Catheter, 4.0 X 12mm",EA,Single,1,1200,,,43107,5181,NR,EVA,FRB,OFF CONTRACT
C408643,Dragon Fly Oct Catheter And Sterile Cover,EA,Single,1,595,,,42809,5249,NR,EVA,FRZ,CIPS1391
C853-0155,High pressure injector syringes,BX,Box 50,50,199,,,11146,5275,NR,EVA,FMJ,OFF CONTRACT
CCS880,"Polycarbonate Control Syringe, 8ml, With Ring Plunger And Rotating Adaptor",BX,Box 25,25,56.25,,,11359,5050,NR,EVA,FBU,STG PRICING AGREEMENT 201
CFC90MB,90mb Flash Card,PU,Pack 1,1,46.45,,,11981,5275,NR,EVA,FJD,OFF CONTRACT
CL-07624,Arrow Super Arrowflex Sheath Introducer 6fr 24cm -- Product Code - Cl-07624,BX,Box 5,5,198.5,,,25606,5235,NR,EVA,FVD,OFF CONTRACT
CL-07724,Arrow Super Arrow Flex Sheath Introducer 7fx24cm,BX,Box 5,5,261.93,,,25606,5235,NR,EVA,FVD,OFF CONTRACT
CL-07824,Arrow Super Arrowflex Sheath Introducer 8fr 24cm -- Product Code - Cl-07824,BX,Box 5,5,145,,,25606,5235,NR,EVA,FVD,OFF CONTRACT
CL-07924,Percutaneous Sheath Introducer Set -- Product Code - Cl-07924,BX,Box 5,5,189.5,,,25606,5050,NR,EVA,FBU,STG PRICING AGREEMENT 201
CON1,Consent Form 1,PD,Pad 25,25,1.38,,,29998,5900,NR,EVA,WPH,OFF CONTRACT
CP0406,Cor Pac Inf F6,BX,Box 10,10,236.9,,,40995,5260,NR,EVA,FRU,72738-CRD
CR3434CT,"Cable, 34 Hypertronics / 34 Lemo, Red, 10'",BX,Box 1,1,145,,,11103,5210,NR,EVA,FRD,OFF CONTRACT
CREFP6,Refstar(tm) External Reference Patch,BX,Box 1,1,325,,,11103,5210,NR,EVA,FRD,OFF CONTRACT
CRV135-19P,Caravel Microcatheter 135cm,EA,Single,1,450,,,25820,5275,NR,EVA,FRC,OFF CONTRACT
CRV135-19P05,Caravel Microcatheter 135cm,BX,Box 5,5,1600,,,25820,5275,NR,EVA,FRC,OFF CONTRACT
CRV135-19P05,Caravel Microcatheter 135cm,BX,Box 5,5,2250,,,25820,5275,NR,EVA,FRC,OFF CONTRACT
CRV150-19P,Caravel Microcatheter 150cm,EA,Single,1,550,,,25820,5275,NR,EVA,FRC,OFF CONTRACT
CRV150-19P05,Caravel Microcatheter 150cm,BX,Each,1,500,,,25820,5275,NR,EVA,FRC,OFF CONTRACT
CSR135-26P5,Cosair Pro Microcatheter 135cm (Supplied in units of 5),BX,Box 5,5,1825,,,25820,5195,NR,EVA,FRK,VPM20170819
CSR150-26P5,Corsair Pro Microcatheter 150cm (supplied in units of 5),BX,Box 5,5,2500,,,25820,5235,NR,EVA,FVT,VPM20170819
CSW135-26N,135cm Cosair Catheter,EA,Single,1,395,,,25820,5191,NR,EVA,FES,OFF CONTRACT
CSW150-26N,Cosair Catheter,EA,Single,1,600,,,25820,5191,NR,EVA,FES,OFF CONTRACT
D-AVHD-DF16,Sensor Enabled Bi-D High Density Mapping Catheter  8F,EA,Single 1,1,1400,,,42809,5180,NR,EVA,FRP,GS-LF-ST. GEORGE-21659(B)
D-AVSE-CBL22,"22-Pin Sensor Enabled Diagnostic Catheter Cable, 1.5m",EA,Single 1,1,90,,,42809,5180,NR,EVA,FRP,GS-LF-ST. GEORGE-21659(B)
D128208,Pentaray Nav Eco F Curve 2-6-2 Spacing,EA,Single,1,950,,,11103,5275,NR,EVA,FVI,OFF CONTRACT
D128709,Cbl 12-pin/ 10-stp Blue 10,BX,Box 1,1,190,,,11103,5050,NR,EVA,FBU,01000/0006230
D130302,Cable To Connect Smartablate To Ablation Catheter,EA,Single,1,430.45,,,11103,5181,NR,EVA,PNA,OFF CONTRACT
D133602,Thermocool Smart Touch Unidirectional Catheter F Curve,BX,Box 1,1,1305,,,11103,5180,NR,EVA,FRP,01000/0006230 (1)
D134301,Diagnostic Catheter Lasso Nav 2515 22p Splithandle,BX,Box 1,1,725,,,11103,5210,NR,EVA,FRD,OFF CONTRACT
D134301R,BW Lasso-2515 Navi Eco Variable,EA,Single,1,354.75,,,12046,5181,NR,EVA,FRC,OFF CONTRACT
D134401,Split Handle Ext. Cable 9 Lg,BX,Box 1,1,240,,,11103,5180,NR,EVA,FRZ,01000/0006230
D134702,Thermocool Smarttouch® Sf Uni-Directional Catheter F Curve,PU,Pack 1,1,1305,,,11103,5050,NR,EVA,FBU,OFF CONTRACT
D134805,Thmcl Smtch Sf Bid Tc D-f,BX,Box 1,1,1305,,,11103,5180,NR,EVA,FRP,OFF CONTRACT
D135304,6fr Cs F 10 Pole 12 Pin Autoid,BX,Box 1,1,120,,,11103,5210,NR,EVA,FRD,OFF CONTRACT
D402893,"Reflexion Spiral Duo-Deca Variable Radius Catheter 7F, 20 Pole",EA,Single,1,735,,,42809,5191,NR,EVA,FRF,OFF CONTRACT
D684-00-0296-02,Mega 8.0Fr 50Cc Iab W/Sl&Apa,EA,Single,1,495,,,18900,5182,NR,EVA,FXE,1-1119893069
DC-RH2020EHW,Ptca Balloon Cath Ryujin Plus Rx 2.00mm X 20mm Shaft 145cm,BX,Box 1,1,40,,,12140,5192,NR,EVA,FRE,OFF CONTRACT
DC-RH2510EHW,Ptca Balloon Cath Ryujin Plus Rx 2.50mm X 10mm Shaft 145cm,BX,Box 1,1,40,,,12140,5192,NR,EVA,FRE,OFF CONTRACT
DC-RH2515EHW,Ptca Balloon Cath Ryujin Plus Rx 2.50mm X 15mm Shaft 145cm,BX,Box 1,1,40,,,12140,5192,NR,EVA,FRE,OFF CONTRACT
DC-RH2520EHW,Ptca Balloon Cath Ryujin Plus Rx 2.50mm X 20mm Shaft 145cm,BX,Box 1,1,40,,,12140,5192,NR,EVA,FRE,OFF CONTRACT
DC-RH3010EHW,Ptca Balloon Cath Ryujin Plus Rx 3.00mm X 10mm Shaft 145cm,BX,Box 1,1,40,,,12140,5192,NR,EVA,FRE,OFF CONTRACT
DC-RH3015EHW,Ptca Balloon Cath Ryujin Plus Rx 3.00mm X 15mm Shaft 145cm,BX,Box 1,1,40,,,12140,5192,NR,EVA,FRE,OFF CONTRACT
DC-RH3515EHW,Ptca Balloon Cath Ryujin Plus Rx 3.50mm X 15mm Shaft 145cm,BX,Box 1,1,40,,,12140,5192,NR,EVA,FRE,OFF CONTRACT
DC-RM2508HSW,Accuforce 2.5 X 8 mm Shaft 145 cm,BX,Box 1,1,40,,,12140,5192,NR,EVA,FXD,OFF CONTRACT
DC-RM2512HHW,Accuforce 2.5 X 12 mm Shaft 145 cm,BX,Box 1,1,40,,,12140,5192,NR,EVA,FXD,OFF CONTRACT
DC-RM2515HHW,Accuforce 2.5 X 15 mm Shaft 145 cm,BX,Box 1,1,40,,,12140,5192,NR,EVA,FXD,OFF CONTRACT
DC-RM2520HHW,Accuforce Balloon 2.5X20mm,EA,Single,1,40,,,12140,5192,NR,EVA,FXD,OFF CONTRACT
DC-RM3008HSW,Accuforce 3.0 X 8 mm Shaft 145 cm,BX,Box 1,1,40,,,12140,5192,NR,EVA,FXD,OFF CONTRACT
DC-RM3012HHW,Accuforce 3.0 X 12 mm Shaft 145 cm,BX,Box 1,1,40,,,12140,5192,NR,EVA,FXD,OFF CONTRACT
DC-RM3015HHW,Accuforce 3.0 X 15 mm Shaft 145 cm,BX,Box 1,1,40,,,12140,5192,NR,EVA,FXD,OFF CONTRACT
DC-RM3020HHW,Accuforce 3.0 X 20 mm Shaft 145 cm,BX,Box 1,1,40,,,12140,5192,NR,EVA,FXD,OFF CONTRACT
DC-RM3215HHW,Accuforce 3.25 X 15 mm Shaft 145 cm,BX,Box 1,1,40,,,12140,5192,NR,EVA,FXD,OFF CONTRACT
DC-RM3512HHW,Accuforce 3.5 X 12 mm Shaft 145 cm,BX,Box 1,1,40,,,12140,5192,NR,EVA,FXD,OFF CONTRACT
DC-RM3515HHW,Accuforce 3.5 X 15 mm Shaft 145 cm,BX,Box 1,1,40,,,12140,5192,NR,EVA,FXD,OFF CONTRACT
DC-RM4008HSW,Accuforce 4.0 X 8 mm Shaft 145 cm,BX,Box 1,1,40,,,12140,5192,NR,EVA,FXD,OFF CONTRACT
DC-RM4012HHW,Accuforce 4.0 X 12 mm Shaft 145 cm,BX,Box 1,1,40,,,12140,5192,NR,EVA,FXD,OFF CONTRACT
DC-RM4512HSW,Accuforce 4.5 X 12 mm Shaft 145 cm,BX,Box 1,1,40,,,12140,5192,NR,EVA,FXD,OFF CONTRACT
DC-RM4515HSW,Accuforce 4.5 X 15 mm Shaft 145 cm,BX,Box 1,1,40,,,12140,5192,NR,EVA,FXD,OFF CONTRACT
DE-RD2518KSM,Coronary Stent Des Ultimaster Bx 2.5mm X 18mm Shaft 145 cm,BX,Box 1,1,250,,,12140,5196,NR,EVA,FRA,OFF CONTRACT
DE-RD2524KSM,Coronary Stent Des Ultimaster Bx 2.5mm X 24mm Shaft 145 cm,BX,Box 1,1,250,,,12140,5196,NR,EVA,FRA,OFF CONTRACT
DE-RD2712KSM,Coronary Stent Ultimaster 2.75X12mm,EA,Single,1,250,,,12140,5196,NR,EVA,FRA,OFF CONTRACT
DE-RD2728KSM,Coronary Stent Des Ultimaster Bx 2.75mm X 28mm Shaft 145 cm,BX,Box 1,1,250,,,12140,5196,NR,EVA,FRA,OFF CONTRACT
DE-RD3012KSM,Coronary Stent Des Ultimaster Bx 3.0mm X 12mm Shaft 145 cm,BX,Box 1,1,250,,,12140,5196,NR,EVA,FRA,OFF CONTRACT
DE-RD3015KSM,Coronary Stent Des Ultimaster Bx 3.0mm X 15mm Shaft 145 cm,BX,Box 1,1,250,,,12140,5196,NR,EVA,FRA,OFF CONTRACT
DE-RD3018KSM,Coronary Stent Des Ultimaster Bx 3.0mm X 18mm Shaft 145 cm,BX,Box 1,1,250,,,12140,5196,NR,EVA,FRA,OFF CONTRACT
DE-RD3024KSM,Coronary Stent Des Ultimaster Bx 3.0mm X 24mm Shaft 145 cm,BX,Box 1,1,250,,,12140,5196,NR,EVA,FRA,OFF CONTRACT
DE-RD3033KSM,Coronary Stent Des Ultimaster Bx 3.0mm X 33mm Shaft 145 cm,BX,Box 1,1,250,,,12140,5196,NR,EVA,FRA,OFF CONTRACT
DE-RD3512KSM,Coronary Stent Des Ultimaster Bx 3.5mm X 12mm Shaft 145 cm,BX,Box 1,1,250,,,12140,5196,NR,EVA,FRA,OFF CONTRACT
DE-RD3515KSM,Coronary Stent Des Ultimaster Bx 3.5mm X 15mm Shaft 145 cm,BX,Box 1,1,250,,,12140,5196,NR,EVA,FRA,OFF CONTRACT
DE-RD3518KSM,Coronary Stent Des Ultimaster Bx 3.5mm X 18mm Shaft 145 cm,BX,Box 1,1,250,,,12140,5196,NR,EVA,FRA,OFF CONTRACT
DE-RD3524KSM,Coronary Stent Des Ultimaster Bx 3.5mm X 24mm Shaft 145 cm,BX,Box 1,1,250,,,12140,5196,NR,EVA,FRA,OFF CONTRACT
DE-RD3528KSM,Coronary Stent Des Ultimaster Bx 3.5mm X 28mm Shaft 145 cm,BX,Box 1,1,250,,,12140,5196,NR,EVA,FRA,OFF CONTRACT
DE-RD3533KSM,Coronary Stent Des Ultimaster Bx 3.5mm X 33mm Shaft 145 cm,BX,Box 1,1,250,,,12140,5196,NR,EVA,FRA,OFF CONTRACT
DE-RD3538KSM,Coronary Stent Des Ultimaster Bx 3.5mm X 38mm Shaft 145 cm,BX,Box 1,1,250,,,12140,5196,NR,EVA,FRA,OFF CONTRACT
DE-RD4012KSM,Coronary Stent Des Ultimaster Bx 4.0mm X 12mm Shaft 145 cm,BX,Box 1,1,250,,,12140,5196,NR,EVA,FRA,OFF CONTRACT
DE-RD4015KSM,Coronary Stent Des Ultimaster Bx 4.0mm X 15mm Shaft 145 cm,BX,Box 1,1,250,,,12140,5196,NR,EVA,FRA,OFF CONTRACT
DE-RD4018KSM,Coronary Stent Des Ultimaster Bx 4.0mm X 18mm Shaft 145 cm,BX,Box 1,1,250,,,12140,5196,NR,EVA,FRA,OFF CONTRACT
DE-RD4024KSM,Coronary Stent Des Ultimaster Bx 4.0mm X 24mm Shaft 145 cm,BX,Box 1,1,250,,,12140,5196,NR,EVA,FRA,OFF CONTRACT
DF28,Pair Adult 140 X 115mm Defibrillation Electrode For Use With Zoll,BX,Box 10,10,82.5,,,29611,5275,NR,EVA,FBH,STG PRICING AGREEMENT
DTS2518E,Aneugraft Dx Pericardium Covered Stent 2.5 X 18,PU,Pack 1,1,950,,,39216,5196,NR,EVA,FRA,5629TH-NS
DTS2527E,Aneugraft Dx Pericardium Covered Stent 2.5 X 27,PU,Pack 1,1,950,,,39216,5196,NR,EVA,FRA,5629TH-NS
DTS3018E,Aneugraft Dx Pericardium Covered Stent 3.0 X 18,PU,Pack 1,1,950,,,39216,5196,NR,EVA,FRA,5629TH-NS
DTS3023E,Aneugraft Dx Pericardium Covered Stent 3.0 X 23,PU,Pack 1,1,950,,,39216,5196,NR,EVA,FRA,5629TH-NS
DTS3027E,Aneugraft Dx Pericardium Covered Stent 3.0 X 27,PU,Pack 1,1,950,,,39216,5196,NR,EVA,FRA,5629TH-NS
DTS3518E,Aneugraft Dx Pericardium Covered Stent 3.5 X 18,PU,Pack 1,1,950,,,39216,5196,NR,EVA,FRA,5629TH-NS
DTS3523E,Aneugraft Dx Pericardium Covered Stent 3.5 X 23,PU,Pack 1,1,950,,,39216,5196,NR,EVA,FRA,QUOTE:3025CS-MK
DTS3527E,Aneugraft Dx Pericardium Covered Stent 3.5 X 27,PU,Pack 1,1,950,,,39216,5196,NR,EVA,FRA,QUOTE:3025CS-MK
DTS4027E,Aneugraft Dx Pericardium Covered Stent 4.0 X 27,PU,Pack 1,1,950,,,39216,5196,NR,EVA,FRA,5629TH-NS
E7507,Patient Return Electrode Valleylab(tm) Polyhesive(tm) Ii Adult Rem With Attached 2.7 M Cord Single Use - E7507,CT,Carton 50,50,163,,,11342,5210,NR,EVA,FRD,OFF CONTRACT
EGF140200,Banana Slide- Single Patient Flat 140x200cm (Red hemmed),BX,Box 50,50,133.5,,,31241,5050,NR,EVA,FYB,OFF CONTRACT
EN0020-P,Ensite Precision Surface Electrode Kit,BX,Box 5,5,3500,,,12017,5275,NR,EVA,FJE,GS-LF-ST. GEORGE-21659(B)
EUP2010X,Balloon Eup2010x Euphora Rx,BX,Box 1,1,41.8,,,11342,5235,NR,EVA,FVI,T-1045589-3
EUP2012X,2.0x12mm Euphora Coronary Angioplasty Balloon,BX,Box 1,1,41.8,,,11342,5192,NR,EVA,FXD,OFF CONTRACT
EUP2020X,2.0x20mm Euphora Coronary Angioplasty Balloon,BX,Box 1,1,41.8,,,11342,5192,NR,EVA,FXD,OFF CONTRACT
EUP2510X,Balloon Eup2510x Euphora Rx,BX,Box 1,1,41.8,,,11342,5235,NR,EVA,FVI,T-1045589-3
EUP2512X,2.5x12mm Euphora Coronary Angioplasty Balloon,BX,Box 1,1,41.8,,,11342,5192,NR,EVA,FXD,OFF CONTRACT
EUP2520X,2.5x20mm Euphora Coronary Angioplasty Balloon,BX,Box 1,1,41.8,,,11342,5192,NR,EVA,FXD,OFF CONTRACT
EUP2530X,Balloon Eup2530x Euphora Rx,BX,Box 1,1,41.8,,,11342,5235,NR,EVA,FVI,T-1045589-3
EUP3012X,Balloon Eup3012x Euphora Rx,BX,Box 1,1,41.8,,,11342,5235,NR,EVA,FVI,T-1045589-3
EUP3015X,3.0x15mm Euphora Coronary Angioplasty Balloon,BX,Box 1,1,41.8,,,11342,5192,NR,EVA,FXD,OFF CONTRACT
EUP3020X,3.0x20mm Euphora Coronary Angioplasty Balloon,BX,Box 1,1,41.8,,,11342,5192,NR,EVA,FXD,OFF CONTRACT
EXPORTAPCE,Catheter Exportapce Export 6f,BX,Box 1,1,135,,,11342,5191,NR,EVA,FES,OFF CONTRACT
F200028/C,Pack Cardiac Leg Ablation - St George's Hospital (f200028/c),CS,Case 4,4,18.43,,,27614,5260,NR,EVA,EVR,OFF CONTRACT
F7817/33,Bipolar Disposable Extension Cable,BX,Box 5,5,0.01,,,24713,5275,NR,EVA,FJD,OFF CONTRACT
F7817/33,Bipolar Disposable Extension Cable,BX,Box 5,5,138.75,,,24713,5275,NR,EVA,FJD,OFF CONTRACT
F812001,Bowl Liner Single Fold Bio (f812001),CS,Case 30,30,35.98,,,27614,5260,NR,EVA,EVZ,OFF CONTRACT
F822155,Swab Gauze Xrd 15cm X 10cm 24ply (5) Without Tape Double Wrapped (f822155),CS,Case 100,100,29,,,27614,5030,NR,EVA,EMI,OFF CONTRACT
FH101-25,Guardian Haemostasis Valve 25cm (Box of 25),BX,Box 25,25,550,,,25820,5181,NR,EVA,FRB,OFF CONTRACT
FS50C,Foam Backed Electrode 50mm Round Centre Snap Radiotranslucent,BX,Box 300,300,16.4,,,29611,5275,NR,EVA,FJE,STG PRICING AGREEMENT
G08024,Check-flo Introducer Set. Gpn: G08024 - Stock Item ( 2 - 3 Days Lead Time ),BX,Box 1,1,66.15,,,10496,5235,NR,EVA,FVD,OFF CONTRACT
G08956,Check-flo Introducer Radiopaque Tip. Gpn: G08956 - Stock Item ( 2 - 3 Days Lead Time ),BX,Box 1,1,85,,,10496,5235,NR,EVA,FVD,OFF CONTRACT
G08957,Check-flo Introducer Radiopaque Tip. Gpn: G08957 - Stock Item ( 2 - 3 Days Lead Time ),BX,Box 1,1,85,,,10496,5235,NR,EVA,FVD,OFF CONTRACT
G09691,Check-flo Introducer Radiopaque Tip. Gpn: G09691 - Stock Item ( 2 - 3 Days Lead Time ),BX,Box 1,1,115,,,10496,5235,NR,EVA,FVD,OFF CONTRACT
G19633,Microcoils-18 - Coil Pusher. Gpn: G19633 - Stock Item ( 2 - 3 Days Lead Time ),BX,Box 1,1,60,,,10496,5210,NR,EVA,FRD,OFF CONTRACT
G6PB30-0-L102,6.5Fr Power Backup 3.0 100cm Sheathless Guide Catheter,EA,Single,1,90,,,25820,5235,NR,EVA,FVT,OFF CONTRACT
G6PB35-0-L101,6.5Fr Power Backup 3.5 100cm Sheathless Guide Catheter,EA,Single,1,90,,,25820,5235,NR,EVA,FVT,OFF CONTRACT
G6SP35-0-L100,6.5Fr Super Power Backup 3.5 100cm Sheathless Guide Catheter,EA,Single,1,90,,,25820,5235,NR,EVA,FVT,OFF CONTRACT
G6SP40-0-L100,6.5Fr Super Power Backup 4.0 100cm Sheathless Guide Catheter,EA,Single,1,90,,,25820,5235,NR,EVA,FVT,OFF CONTRACT
G7PB30-0-L100,7.5Fr Power Backup 3.0 100cm Sheathless Guide Catheter,EA,Single,1,90,,,25820,5235,NR,EVA,FVT,OFF CONTRACT
G7SP35-0-L100,7.5Fr Super Power Backup 3.5 100cm Sheathless Guide Catheter,EA,Single,1,90,,,25820,5235,NR,EVA,FVT,OFF CONTRACT
GC-K6AL010N,Guiding Catheter Heartrail Ii 6fr X 100cm Amplatz L 1 Sh0,BX,Box 1,1,45,,,12140,5275,NR,EVA,FRC,OFF CONTRACT
GC-K7AL010N,Guiding Catheter Heartrail Ii 7fr X 100cm Amplatz L 1.0 Sh0,BX,Box 1,1,45,,,12140,5275,NR,EVA,FRC,OFF CONTRACT
GC-K7JR400N,Guiding Catheter Heartrail Ii 7fr X 100cm Judkins R 4.0 Sh0,BX,Box 1,1,45,,,12140,5275,NR,EVA,FRC,OFF CONTRACT
GN1000,"Goose Neck Snare Kit, Loop Diameter 10 Mm, Snare Length 120 Cm, Catheter Size 4fr, Catheter Length 102 Cm (gn1000)",BX,Box 1,1,280,,,11342,5241,NR,EVA,FCB,LIST PRICED ITEMS
GN2500,"Goose Neck Snare Kit, Loop Diameter 25 Mm, Snare Length 120 Cm, Catheter Size 6fr, Catheter Length 102 Cm (gn2500)",BX,Box 1,1,280,,,11342,5241,NR,EVA,FCB,LIST PRICED ITEMS
GWBC30,Guidewire Gwbc30 Confida 26l,BX,Box 5,5,375,,,11342,5191,NR,EVA,FES,OFF CONTRACT
H3012001329010263,Cable Ecg 6 M Iec Clearsign Colour Code For Labsystem Pro,BX,Box 1,1,572.21,,,10263,5275,NR,EVA,NA,OFF CONTRACT
H3114000011,Catheter Viking Quadpolar 6 Fr Josephson 2 Mm S4 115 Cm,BX,Box 1,1,61.44,,,10263,5210,NR,EVA,FRD,OFF CONTRACT
H3114000071,Catheter Viking Quadpolar 6 Fr Josephson 2/5/2 Mm S4 115 Cm,BX,Box 1,1,61.44,,,10263,5181,NR,EVA,FRB,STG0923
H74904483102,Adaptor Y Gateway Plus Cardio,BX,Box 10,10,120,,,10263,5241,NR,EVA,FCC,30599
H74904527052,Inflation Device Encore 26 Advantage Kit 20 Ml - Box Of 5,BX,Box 5,5,80,,,10263,5182,NR,EVA,FXE,32555
H74912161012,Guidewire Choice Pt Extra Support 182 Cm Straight Tip,BX,Box 5,5,190,,,10263,5191,NR,EVA,FES,OFF CONTRACT
H74914903012,Guidewire Pt Graphix Standard 182 Cm Moderate Support Straight Tip,BX,Box 5,5,190,,,10263,5210,NR,EVA,FRD,30599
H74916391022,Model-5F Impulse Fr4 (5pk),BX,Box 1,1,20,,,10263,5181,NR,EVA,FRB,OFF CONTRACT
H74916391212,Model-5F Impulse Fl3.5 (5pk),BX,Box 1,1,20,,,10263,5181,NR,EVA,FRB,OFF CONTRACT
H74916391222,Model-5F Impulse Fl4 (5pk),BX,Box 1,1,20,,,10263,5181,NR,EVA,FRB,OFF CONTRACT
H74916391402,Model-5F Impulse Pig 110cm (5pk),BX,Box 1,1,20,,,10263,5181,NR,EVA,FRB,OFF CONTRACT
H74916391892,Model-5F Impulse Ar Mod (5pk),BX,Box 1,1,20,,,10263,5181,NR,EVA,FRB,OFF CONTRACT
H74916391962,Model-5F Impulse Al1 (5pk),BX,Box 1,1,20,,,10263,5181,NR,EVA,FRB,OFF CONTRACT
H74916599022,Model-6F Impulse Fr4 (5pk),BX,Box 1,1,20,,,10263,5181,NR,EVA,FRB,OFF CONTRACT
H74916599212,Model-6F Impulse Fl3.5 (5pk),BX,Box 1,1,20,,,10263,5181,NR,EVA,FRB,OFF CONTRACT
H749236310020,Advancer & Burr Rotalink Plus 135 Cm 1.25 Mm,BX,Box 1,1,840,,,10263,5191,NR,EVA,FES,OFF CONTRACT
H749236310030,Advancer & Burr Rotalink Plus 135 Cm 1.50 Mm,BX,Box 1,1,840,,,10263,5191,NR,EVA,FES,OFF CONTRACT
H749236310040,Advancer & Burr Rotalink Plus 135 Cm 1.75 Mm,BX,Box 1,1,840,,,10263,5191,NR,EVA,FES,OFF CONTRACT
H749236310050,Advancer & Burr Rotalink Plus 135 Cm 2.00 Mm,BX,Box 1,1,840,,,10263,5191,NR,EVA,FES,OFF CONTRACT
H7493919308120,"Fg Emerge Mr, Ous 1.20mm X 8mm",BX,Box 1,1,33,,,10263,5192,NR,EVA,FXD,OFF CONTRACT
H7493919308200,"Fg Emerge Mr, Ous 2.00mm X 8mm",PU,Pack 1,1,33,,,10263,5192,NR,EVA,FXD,OFF CONTRACT
H7493919308250,"Fg Emerge Mr, Ous 2.50mm X 8mm",EA,Single,1,33,,,10263,5192,NR,EVA,FXD,OFF CONTRACT
H7493919308400,"Fg Emerge Mr, Ous 4.00mm X 8mm",BX,Box 1,1,33,,,10263,5192,NR,EVA,FXD,OFF CONTRACT
H7493919312120,"Fg Emerge Mr, Ous 1.20mm X 12mm",BX,Box 1,1,33,,,10263,5192,NR,EVA,FXD,OFF CONTRACT
H7493919312200,"Fg Emerge Mr, Ous 2.00mm X 12mm",EA,Single,1,33,,,10263,5192,NR,EVA,FXD,OFF CONTRACT
H7493919312250,"Fg Emerge Mr, Ous 2.50mm X 12mm",PU,Pack 1,1,33,,,10263,5192,NR,EVA,FXD,OFF CONTRACT
H7493919312300,"Fg Emerge Mr, Ous 3.00mm X 12mm",PU,Pack 1,1,33,,,10263,5192,NR,EVA,FXD,OFF CONTRACT
H7493919312350,"Fg Emerge Mr, Ous 3.50mm X 12mm",BX,Box 1,1,33,,,10263,5192,NR,EVA,FXD,OFF CONTRACT
H7493919315120,Balloon Catheter Emerge Monorail 15 X 1.2 Mm,BX,Box 1,1,33,,,10263,5192,NR,EVA,FXD,32555
H7493919315250,"Fg Emerge Mr, Ous 2.50mm X 15mm",PU,Pack 1,1,33,,,10263,5192,NR,EVA,FXD,OFF CONTRACT
H7493919315300,"Fg Emerge Mr, Ous 3.00mm X 15mm",PU,Pack 1,1,33,,,10263,5192,NR,EVA,FXD,OFF CONTRACT
H7493919320120,"Fg Emerge Mr, Ous 1.20mm X 20mm",BX,Box 1,1,33,,,10263,5192,NR,EVA,FXD,OFF CONTRACT
H7493919320200,"Fg Emerge Mr, Ous 2.00mm X 20mm",PU,Pack 1,1,33,,,10263,5192,NR,EVA,FXD,OFF CONTRACT
H7493919320250,"Fg Emerge Mr, Ous 2.50mm X 20mm",PU,Pack 1,1,33,,,10263,5192,NR,EVA,FXD,OFF CONTRACT
H7493919320300,"Fg Emerge Mr, Ous 3.00mm X 20mm",EA,Single,1,33,,,10263,5192,NR,EVA,FXD,OFF CONTRACT
H7493919320350,"Fg Emerge Mr, Ous 3.50mm X 20mm",BX,Box 1,1,33,,,10263,5192,NR,EVA,FXD,OFF CONTRACT
H7493919330200,"Fg Emerge Mr, Ous 2.00mm X 30mm",PU,Pack 1,1,33,,,10263,5192,NR,EVA,FXD,OFF CONTRACT
H7493919330250,"Fg Emerge Mr, Ous 2.50mm X 30mm",BX,Box 1,1,33,,,10263,5192,NR,EVA,FXD,OFF CONTRACT
H7493919420150,"Fg Emerge Push Mr, Ous 1.50mm X 20mm",BX,Box 1,1,33,,,10263,5192,NR,EVA,FXD,OFF CONTRACT
H7493926208300,Synergy Ous Mr 3.00 X 8,BX,Box 1,1,350,,,10263,5195,NR,EVA,FRK,OFF CONTRACT
H7493926208350,Synergy Ous Mr 3.50 X 8,BX,Box 1,1,350,,,10263,5195,NR,EVA,FRK,OFF CONTRACT
H7493926208400,Synergy Ous Mr 4.00 X 8,BX,Box 1,1,350,,,10263,5195,NR,EVA,FRK,OFF CONTRACT
H7493926212220,Synergy Ous Mr 2.25 X 12,BX,Box 1,1,350,,,10263,5195,NR,EVA,FRK,OFF CONTRACT
H7493926212300,Synergy Ous Mr 3.00 X 12,BX,Box 1,1,350,,,10263,5195,NR,EVA,FRK,OFF CONTRACT
H7493926212350,Synergy Ous Mr 3.50 X 12,BX,Box 1,1,350,,,10263,5195,NR,EVA,FRK,OFF CONTRACT
H7493926212400,Synergy Ous Mr 4.00 X 12,BX,Box 1,1,350,,,10263,5195,NR,EVA,FRK,OFF CONTRACT
H7493926216250,Synergy Ous Mr 2.50 X 16,BX,Box 1,1,350,,,10263,5195,NR,EVA,FRK,OFF CONTRACT
H7493926216270,Synergy Ous Mr 2.75 X 16,BX,Box 1,1,350,,,10263,5195,NR,EVA,FRK,OFF CONTRACT
H7493926216300,Synergy Ous Mr 3.00 X 16,BX,Box 1,1,350,,,10263,5195,NR,EVA,FRK,OFF CONTRACT
H7493926216350,Synergy Ous Mr 3.50 X 16,BX,Box 1,1,350,,,10263,5195,NR,EVA,FRK,OFF CONTRACT
H7493926216400,Synergy Ous Mr 4.00 X 16,BX,Box 1,1,350,,,10263,5195,NR,EVA,FRK,OFF CONTRACT
H7493926220220,Synergy Ous Mr 2.25 X 20,BX,Box 1,1,350,,,10263,5195,NR,EVA,FRK,OFF CONTRACT
H7493926220250,Synergy Ous Mr 2.50 X 20,BX,Box 1,1,350,,,10263,5195,NR,EVA,FRK,OFF CONTRACT
H7493926220270,Synergy Ous Mr 2.75 X 20,BX,Box 1,1,350,,,10263,5195,NR,EVA,FRK,OFF CONTRACT
H7493926220300,Synergy Ous Mr 3.00 X 20,BX,Box 1,1,350,,,10263,5195,NR,EVA,FRK,OFF CONTRACT
H7493926220350,Synergy Ous Mr 3.50 X 20,BX,Box 1,1,350,,,10263,5195,NR,EVA,FRK,OFF CONTRACT
H7493926220400,Synergy Ous Mr 4.00 X 20,BX,Box 1,1,350,,,10263,5195,NR,EVA,FRK,OFF CONTRACT
H7493926224300,Synergy Ous Mr 3.00 X 24,BX,Box 1,1,350,,,10263,5195,NR,EVA,FRK,OFF CONTRACT
H7493926224350,Synergy Ous Mr 3.50 X 24,BX,Box 1,1,350,,,10263,5195,NR,EVA,FRK,OFF CONTRACT
H7493926224400,Synergy Ous Mr 4.00 X 24,BX,Box 1,1,350,,,10263,5195,NR,EVA,FRK,OFF CONTRACT
H7493926228250,Synergy Ous Mr 2.50 X 28,BX,Box 1,1,350,,,10263,5195,NR,EVA,FRK,OFF CONTRACT
H7493926228270,Synergy Ous Mr 2.75 X 28,BX,Box 1,1,350,,,10263,5195,NR,EVA,FRK,OFF CONTRACT
H7493926228300,Synergy Ous Mr 3.00 X 28,BX,Box 1,1,350,,,10263,5195,NR,EVA,FRK,OFF CONTRACT
H7493926228350,Synergy Ous Mr 3.50 X 28,BX,Box 1,1,350,,,10263,5195,NR,EVA,FRK,OFF CONTRACT
H7493926228400,Synergy Ous Mr 4.00 X 28,BX,Box 1,1,350,,,10263,5195,NR,EVA,FRK,OFF CONTRACT
H7493926232270,Synergy Ous Mr 2.75 X 32,BX,Box 1,1,350,,,10263,5195,NR,EVA,FRK,OFF CONTRACT
H7493926232300,Synergy Ous Mr 3.00 X 32,BX,Box 1,1,350,,,10263,5195,NR,EVA,FRK,OFF CONTRACT
H7493926232400,Synergy Ous Mr 4.00 X 32,BX,Box 1,1,350,,,10263,5195,NR,EVA,FRK,OFF CONTRACT
H7493926238220,Synergy Ous Mr 2.25 X 38,BX,Box 1,1,350,,,10263,5195,NR,EVA,FRK,OFF CONTRACT
H7493926238270,Synergy Ous Mr 2.75 X 38,BX,Box 1,1,350,,,10263,5195,NR,EVA,FRK,OFF CONTRACT
H7493926238300,Synergy Ous Mr 3.00 X 38,BX,Box 1,1,350,,,10263,5195,NR,EVA,FRK,OFF CONTRACT
H7493926238350,Synergy Ous Mr 3.50 X 38,BX,Box 1,1,350,,,10263,5195,NR,EVA,FRK,OFF CONTRACT
H7493926248250,Synergy Ous Mr 2.50 X 48,BX,Box 1,1,350,,,10263,5195,NR,EVA,FRK,OFF CONTRACT
H7493926248300,Synergy Ous Mr 3.00 X 48,BX,Box 1,1,350,,,10263,5195,NR,EVA,FRK,OFF CONTRACT
H7493926248350,Synergy Ous Mr 3.50 X 48,BX,Box 1,1,350,,,10263,5195,NR,EVA,FRK,OFF CONTRACT
H7493927606350,"Nc Emerge Mr, Ous 3.50mm X 6mm",EA,Single,1,33,,,10263,5192,NR,EVA,FXD,OFF CONTRACT
H7493927606450,"Nc Emerge Mr, Ous 4.50mm X 6mm",EA,Single,1,33,,,10263,5192,NR,EVA,FXD,OFF CONTRACT
H7493927608200,"Nc Emerge Mr, Ous 2.00mm X 8mm",EA,Single,1,33,,,10263,5192,NR,EVA,FXD,OFF CONTRACT
H7493927608250,"Nc Emerge Mr, Ous 2.50mm X 8mm",EA,Single,1,33,,,10263,5192,NR,EVA,FXD,OFF CONTRACT
H7493927608300,"Nc Emerge Mr, Ous 3.00mm X 8mm",EA,Single,1,33,,,10263,5192,NR,EVA,FXD,OFF CONTRACT
H7493927608350,"Nc Emerge Mr, Ous 3.50mm X 8mm",EA,Single,1,33,,,10263,5192,NR,EVA,FXD,OFF CONTRACT
H7493927608400,"Nc Emerge Mr, Ous 4.00mm X 8mm",EA,Single,1,33,,,10263,5192,NR,EVA,FXD,OFF CONTRACT
H7493927608450,"Nc Emerge Mr, Ous 4.50mm X 8mm",EA,Single,1,33,,,10263,5192,NR,EVA,FXD,OFF CONTRACT
H7493927608500,"Nc Emerge Mr, Ous 5.00mm X 8mm",EA,Single,1,33,,,10263,5192,NR,EVA,FXD,OFF CONTRACT
H7493927608550,"Nc Emerge Mr, Ous 5.50mm X 8mm",EA,Single,1,33,,,10263,5192,NR,EVA,FXD,OFF CONTRACT
H7493927608600,"Nc Emerge Mr, Ous 6.00mm X 8mm",EA,Single,1,33,,,10263,5192,NR,EVA,FXD,OFF CONTRACT
H7493927612200,"Nc Emerge Mr, Ous 2.00mm X 12mm",EA,Single,1,33,,,10263,5192,NR,EVA,FXD,OFF CONTRACT
H7493927612250,"Nc Emerge Mr, Ous 2.50mm X 12mm",EA,Single,1,33,,,10263,5192,NR,EVA,FXD,OFF CONTRACT
H7493927612270,"Nc Emerge Mr, Ous 2.75mm X 12mm",EA,Single,1,33,,,10263,5192,NR,EVA,FXD,OFF CONTRACT
H7493927612300,"Nc Emerge Mr, Ous 3.00mm X 12mm",EA,Single,1,33,,,10263,5192,NR,EVA,FXD,OFF CONTRACT
H7493927612350,"Nc Emerge Mr, Ous 3.50mm X 12mm",EA,Single,1,33,,,10263,5192,NR,EVA,FXD,OFF CONTRACT
H7493927612400,"Nc Emerge Mr, Ous 4.00mm X 12mm",EA,Single,1,33,,,10263,5192,NR,EVA,FXD,OFF CONTRACT
H7493927612450,"Nc Emerge Mr, Ous 4.50mm X 12mm",EA,Single,1,33,,,10263,5192,NR,EVA,FXD,OFF CONTRACT
H7493927612550,"Nc Emerge Mr, Ous 5.50mm X 12mm",EA,Single,1,33,,,10263,5192,NR,EVA,FXD,OFF CONTRACT
H7493927615250,"Nc Emerge Mr, Ous 2.50mm X 15mm",EA,Single,1,33,,,10263,5192,NR,EVA,FXD,OFF CONTRACT
H7493927615270,"Nc Emerge Mr, Ous 2.75mm X 15mm",EA,Single,1,33,,,10263,5192,NR,EVA,FXD,OFF CONTRACT
H7493927615300,"Nc Emerge Mr, Ous 3.00mm X 15mm",EA,Single,1,33,,,10263,5192,NR,EVA,FXD,OFF CONTRACT
H7493927615350,"Nc Emerge Mr, Ous 3.50mm X 15mm",EA,Single,1,33,,,10263,5192,NR,EVA,FXD,OFF CONTRACT
H7493927615400,"Nc Emerge Mr, Ous 4.00mm X 15mm",EA,Single,1,33,,,10263,5192,NR,EVA,FXD,OFF CONTRACT
H7493927620200,"Nc Emerge Mr, Ous 2.00mm X 20mm",EA,Single,1,33,,,10263,5192,NR,EVA,FXD,OFF CONTRACT
H7493927620250,"Nc Emerge Mr, Ous 2.50mm X 20mm",EA,Single,1,33,,,10263,5192,NR,EVA,FXD,OFF CONTRACT
H7493927620270,"Nc Emerge Mr, Ous 2.75mm X 20mm",EA,Single,1,33,,,10263,5192,NR,EVA,FXD,OFF CONTRACT
H7493927620300,"Nc Emerge Mr, Ous 3.00mm X 20mm",EA,Single,1,33,,,10263,5192,NR,EVA,FXD,OFF CONTRACT
H7493927620320,"Nc Emerge Mr, Ous 3.25mm X 20mm",EA,Single,1,33,,,10263,5192,NR,EVA,FXD,OFF CONTRACT
H7493927620350,"Nc Emerge Mr, Ous 3.50mm X 20mm",EA,Single,1,33,,,10263,5192,NR,EVA,FXD,OFF CONTRACT
H7493927620600,"Nc Emerge Mr, Ous 6.00mm X 20mm",BX,Box 1,1,33,,,10263,5192,NR,EVA,FXD,OFF CONTRACT
H7493927630300,"Nc Emerge Mr, Ous 3.00mm X 30mm",BX,Box 1,1,33,,,10263,5192,NR,EVA,FXD,OFF CONTRACT
H7493927630350,"Nc Emerge Mr, Ous 3.50mm X 30mm",BX,Box 1,1,33,,,10263,5192,NR,EVA,FXD,OFF CONTRACT
H749393011902,Marvel 190cm Straight-Tip (5pk),BX,Box 1,1,200,,,10263,5210,NR,EVA,FRD,OFF CONTRACT
H749393021902,Samurai 190cm Straight-Tip (5pk),BX,Box 1,1,200,,,10263,5210,NR,EVA,FRD,OFF CONTRACT
H749393031902,Fighter 190cm Straight-Tip (5pk),BX,Box 1,1,450,,,10263,5210,NR,EVA,FRD,OFF CONTRACT
H749393071902,Hornet 14G Wire 300cm,PU,Pack 5,5,1000,,,10263,5210,NR,EVA,FRD,OFF CONTRACT
H749393130SR0,StingRay LP OUS,EA,Single,1,1490,,,10263,5210,NR,EVA,FRD,RB/CS/BL/31772
H74939330130,Exchange Catheter Ww (Trapper),EA,Single 1,1,200,,,10263,5181,NR,EVA,FRB,DT/DJ/KE/36666
H7493933515060,Guidezilla Ii 6F,BX,Box 1,1,265,,,10263,5275,NR,EVA,FVI,OFF CONTRACT
H7493933515070,Guidezilla Ii 7F,BX,Box 1,1,265,,,10263,5275,NR,EVA,FVI,OFF CONTRACT
H74939403062500,Wolverine Cb Mr Ous 6mm X 2.50mm,BX,Box 1,1,390,,,10263,5192,NR,EVA,FXD,OFF CONTRACT
H74939403063000,Wolverine Cb Mr Ous 6mm X 3.00mm,BX,Box 1,1,390,,,10263,5192,NR,EVA,FXD,OFF CONTRACT
H74939403102000,Wolverine Cb Mr Ous 10mm X 2.00mm,BX,Box 1,1,390,,,10263,5192,NR,EVA,FXD,OFF CONTRACT
H74939403102250,Wolverine Cb Mr Ous 10mm X 2.25mm,BX,Box 1,1,390,,,10263,5192,NR,EVA,FXD,OFF CONTRACT
H74939403102500,Wolverine Cb Mr Ous 10mm X 2.50mm,BX,Box 1,1,390,,,10263,5192,NR,EVA,FXD,OFF CONTRACT
H74939403102750,Wolverine Cb Mr Ous 10mm X 2.75mm,BX,Box 1,1,390,,,10263,5192,NR,EVA,FXD,OFF CONTRACT
H74939403103000,Wolverine Cb Mr Ous 10mm X 3.00mm,BX,Box 1,1,390,,,10263,5192,NR,EVA,FXD,OFF CONTRACT
H74939403103250,Wolverine Cb Mr Ous 10mm X 3.25mm,BX,Box 1,1,390,,,10263,5192,NR,EVA,FXD,OFF CONTRACT
H74939403103500,Wolverine Cb Mr Ous 10mm X 3.50mm,BX,Box 1,1,390,,,10263,5192,NR,EVA,FXD,OFF CONTRACT
H74939403104000,Wolverine Cb Mr Ous 10mm X 4.00mm,BX,Box 1,1,390,,,10263,5192,NR,EVA,FXD,OFF CONTRACT
H74939403152000,Wolverine Cb Mr Ous 15mm X 2.00mm,BX,Box 1,1,390,,,10263,5192,NR,EVA,FXD,OFF CONTRACT
H74939403152250,Wolverine Cb Mr Ous 15mm X 2.25mm,BX,Box 1,1,390,,,10263,5192,NR,EVA,FXD,OFF CONTRACT
H74939403152500,Wolverine Cb Mr Ous 15mm X 2.50mm,BX,Box 1,1,390,,,10263,5192,NR,EVA,FXD,OFF CONTRACT
H74939403152750,Wolverine Cb Mr Ous 15mm X 2.75mm,BX,Box 1,1,390,,,10263,5192,NR,EVA,FXD,OFF CONTRACT
H74939403153000,Wolverine Cb Mr Ous 15mm X 3.00mm,BX,Box 1,1,390,,,10263,5192,NR,EVA,FXD,OFF CONTRACT
H74939403153500,Wolverine Cb Mr Ous 15mm X 3.50mm,BX,Box 1,1,390,,,10263,5192,NR,EVA,FXD,OFF CONTRACT
H74939403154000,Wolverine Cb Mr Ous 15mm X 4.00mm,BX,Box 1,1,390,,,10263,5192,NR,EVA,FXD,OFF CONTRACT
H749518120,Opticross Emea - Ic,EA,Single,1,450,,,10263,5275,NR,EVA,FVI,OFF CONTRACT
H749A70200,F/G Assy Sled Pullback Pack Md5 (Foc If Ordered With H749518120),BX,Box 1,1,41,,,10263,5241,NR,EVA,FCC,OFF CONTRACT
H749M2000B0,CrossBoss Cath OUS,EA,Single,1,1250,,,10263,5210,NR,EVA,FRD,RB/CS/BL/31772
H749RB4250100,Cutting Balloon Monorail Flextome 10 X 2.50 Mm,BX,Box 1,1,390,,,10263,5192,NR,EVA,FXD,37029
H749RB4275100,Cutting Balloon Monorail Flextome 10 X 2.75 Mm,BX,Box 1,1,390,,,10263,5192,NR,EVA,FXD,37029
H749RB4300100,Cutting Balloon Monorail Flextome 10 X 3.00 Mm,BX,Box 1,1,390,,,10263,5192,NR,EVA,FXD,37029
H749RB4350100,Cutting Balloon Monorail Flextome 10 X 3.50 Mm,BX,Box 1,1,390,,,10263,5192,NR,EVA,FXD,37029
H749RB4400100,Flextome Cb Monorail 10/4.00,EA,Single,1,390,,,10263,5192,NR,EVA,FXD,DT/DJ/KE/37029
H802227680020,Rotablator Rotalink Burr 135 Cm 1.25 Mm,BX,Box 1,1,370,,,10263,5191,NR,EVA,FES,OFF CONTRACT
H802227680040,Rotablator Rotalink Burr 135 Cm 1.75 Mm,BX,Box 1,1,370,,,10263,5050,NR,EVA,FBU,30599
H802227680050,Rotablator Rotalink Burr 135 Cm 2.00 Mm,BX,Box 1,1,370,,,10263,5191,NR,EVA,FES,OFF CONTRACT
H802228240022,Rotablator Rotawire Floppy With Wireclip Torquer 325 Cm,BX,Box 5,5,520,,,10263,5191,NR,EVA,FES,OFF CONTRACT
H965904000391,Controller Contrast Spike,BX,Box 25,25,52,,,11146,5275,NR,EVA,FMA,S11097
INT22508X,Stent Int22508x Integrity 2.25x08rx,BX,Box 1,1,0,,,11342,5195,NR,EVA,FRK,T-1045589-3
INT22512X,Stent Int22512x Integrity 2.25x12rx,BX,Box 1,1,0.01,,,11342,5198,NR,EVA,FRL,OFF CONTRACT
INT22514X,Stent Int22514x Integrity 2.25x14rx,BX,Box 1,1,0,,,11342,5195,NR,EVA,FRK,T-1045589-3
INT22518X,Stent Int22518x Integrity 2.25x18rx,BX,Box 1,1,0,,,11342,5195,NR,EVA,FRK,T-1045589-3
INT22530X,Stent Int22530x Integrity 2.25x30rx,BX,Box 1,1,0,,,11342,5195,NR,EVA,FRK,T-1045589-3
INT25008X,Stent Int25008x Integrity 2.50x08rx,BX,Box 1,1,0,,,11342,5195,NR,EVA,FRK,T-1045589-3
INT25012X,Stent Int25012x Integrity 2.50x12rx,BX,Box 1,1,0.01,,,11342,5198,NR,EVA,FRL,OFF CONTRACT
INT27508X,Stent Int27508x Integrity 2.75x08rx,BX,Box 1,1,0,,,11342,5195,NR,EVA,FRK,T-1045589-3
INT27514X,Stent Int27514x Integrity 2.75x14rx,BX,Box 1,1,0,,,11342,5195,NR,EVA,FRK,T-1045589-3
INT30009X,Stent Int30009x Integrity 3.00x09rx,BX,Box 1,1,0,,,11342,5195,NR,EVA,FRK,T-1045589-3
INT30012X,Stent Int30012x Integrity 3.00x12rx,BX,Box 1,1,0.01,,,11342,5198,NR,EVA,FRL,OFF CONTRACT
INT30015X,Stent Int30015x Integrity 3.00x15rx,BX,Box 1,1,0,,,11342,5195,NR,EVA,FRK,T-1045589-3
INT35012X,Stent Int35012x Integrity 3.50x12rx,BX,Box 1,1,0,,,11342,5195,NR,EVA,FRK,T-1045589-3
INT35022X,Stent Int35022x Integrity 3.50x22rx,BX,Box 1,1,0,,,11342,5195,NR,EVA,FRK,T-1045589-3
INT40009X,Stent Int40009x Integrity 4.00x09rx,BX,Box 1,1,0,,,11342,5195,NR,EVA,FRK,T-1045589-3
INT40012X,Stent Int40012x Integrity 4.00x12rx,BX,Box 1,1,0,,,11342,5195,NR,EVA,FRK,T-1045589-3
INT40015X,Stent Int40015x Integrity 4.00x15rx,BX,Box 1,1,0,,,11342,5195,NR,EVA,FRK,T-1045589-3
INT40018X,Stent Int40018x Integrity 4.00x18rx,BX,Box 1,1,0.01,,,11342,5198,NR,EVA,FRL,OFF CONTRACT
INT40022X,Stent Int40022x Integrity 4.00x22rx,BX,Box 1,1,0.01,,,11342,5198,NR,EVA,FRL,OFF CONTRACT
INT40026X,Stent Int40026x Integrity 4.00x26rx,BX,Box 1,1,0.01,,,11342,5198,NR,EVA,FRL,OFF CONTRACT
INT40030X,Stent Int40030x Integrity 4.00x30rx,BX,Box 1,1,0,,,11342,5195,NR,EVA,FRK,T-1045589-3
JACT-LR,Jact-lr (celite Act Cuvettes - Low Range Heparin),BX,Box 45,45,110,,,39665,5550,NR,EVA,KCA,OFF CONTRACT
JACT+,"Jact+ (silica, Kaolin Act Cuvettes)",BX,Box 45,45,102,,,39665,5050,NR,EVA,FBU,OFF CONTRACT
K20297,St Georges Cardiac Angio Procedure,PU,Pack 6,6,104.28,,,11146,5260,NR,EVA,EVX,STG465
K20342/P1,St Georges Neuro Angiography Pack,BX,Box 3,3,158.31,,,11146,5260,NR,EVA,EVQ,STG465
K26291,Kimal 2 Port R.H. Off Manifold/Con,BX,Box 40,40,478.4,,,11146,5260,NR,EVA,EVX,STG465
K38577,St Georges X-Ray Angio Pack,BX,Box 5,5,159.9,,,11146,5260,NR,EVA,EVX,STG465/H560
K62/A01,Angio Drape (no Windows),BX,Box 20,20,120.8,,,11146,5260,NR,EVA,EVQ,OFF CONTRACT
K62/GWB/10,Sterile Guidewire Bowl,BX,Box 20,20,76,,,11146,5260,NR,EVA,FRU,OFF CONTRACT
LA5AL10,"Catheter La 5f 100cmal10 , Catheter-cor-guiding (model Number La5al10)",BX,Box 1,1,19,,,11342,5235,NR,EVA,FVI,T-1045589-3
LA5AL20,"Catheter La 5f 100cmal20 , Catheter-cor-guiding (model Number La5al20)",BX,Box 1,1,19,,,11342,5235,NR,EVA,FVI,T-1045589-3
LA5AL75,"Catheter La 5f 100cmal75 , Catheter-cor-guiding (model Number La5al75)",BX,Box 1,1,19,,,11342,5235,NR,EVA,FVI,T-1045589-3
LA5AR10,"Catheter La 5f 100cmar10 , Catheter-cor-guiding (model Number La5ar10)",BX,Box 1,1,19,,,11342,5235,NR,EVA,FVI,T-1045589-3
LA5AR20,"Catheter La 5f 100cmar20 , Catheter-cor-guiding (model Number La5ar20)",BX,Box 1,1,19,,,11342,5235,NR,EVA,FVI,T-1045589-3
LA5EBU35,"Catheter La 5f 100cmeb35 , Catheter-cor-guiding (model Number La5ebu35)",BX,Box 1,1,19,,,11342,5235,NR,EVA,FVI,T-1045589-3
LA5EBU40,"Catheter La 5f 100cmeb40 , Catheter-cor-guiding (model Number La5ebu40)",BX,Box 1,1,19,,,11342,5235,NR,EVA,FVI,T-1045589-3
LA5IMA,"Catheter La 5f 100cmima , Catheter-cor-guiding (model Number La5ima)",BX,Box 1,1,19,,,11342,5235,NR,EVA,FVI,T-1045589-3
LA5JL30,"Catheter La 5f 100cmjl30 , Catheter-cor-guiding (model Number La5jl30)",BX,Box 1,1,19,,,11342,5235,NR,EVA,FVI,T-1045589-3
LA5JL35,"Catheter La 5f 100cmjl35 , Catheter-cor-guiding (model Number La5jl35)",BX,Box 1,1,19,,,11342,5235,NR,EVA,FVI,T-1045589-3
LA5JR35,"Catheter La 5f 100cmjr35 , Catheter-cor-guiding (model Number La5jr35)",BX,Box 1,1,19,,,11342,5235,NR,EVA,FVI,T-1045589-3
LA5JR40,"Catheter La 5f 100cmjr40 , Catheter-cor-guiding (model Number La5jr40)",BX,Box 1,1,19,,,11342,5235,NR,EVA,FVI,T-1045589-3
LA5LCB,"Catheter La 5f 100cmlcb , Catheter-cor-guiding (model Number La5lcb)",BX,Box 1,1,19,,,11342,5235,NR,EVA,FVI,T-1045589-3
LA6AL10,"Catheter La 6f 100cmal10 , Catheter-cor-guiding (model Number La6al10)",BX,Box 1,1,19,,,11342,5235,NR,EVA,FVI,T-1045589-3
LA6AL10SH,"Catheter La 6f 100cmal10 , Catheter-cor-guiding (model Number La6al10sh)",BX,Box 1,1,19,,,11342,5235,NR,EVA,FVI,T-1045589-3
LA6AL20,"Catheter La 6f 100cmal20 , Catheter-cor-guiding (model Number La6al20)",BX,Box 1,1,19,,,11342,5235,NR,EVA,FVI,T-1045589-3
LA6AL30,"Catheter La 6f 100cmal30 , Catheter-cor-guiding (model Number La6al30)",BX,Box 1,1,19,,,11342,5235,NR,EVA,FVI,T-1045589-3
LA6AL75,"Catheter La 6f 100cmal75 , Catheter-cor-guiding (model Number La6al75)",BX,Box 1,1,19,,,11342,5235,NR,EVA,FVI,T-1045589-3
LA6AR10,"Catheter La 6f 100cmar10 , Catheter-cor-guiding (model Number La6ar10)",BX,Box 1,1,19,,,11342,5235,NR,EVA,FVI,T-1045589-3
LA6AR20,"Catheter La 6f 100cmar20 , Catheter-cor-guiding (model Number La6ar20)",BX,Box 1,1,19,,,11342,5235,NR,EVA,FVI,T-1045589-3
LA6EBU35,"Catheter La 6f 100cmeb35 , Catheter-cor-guiding (model Number La6ebu35)",BX,Box 1,1,19,,,11342,5235,NR,EVA,FVI,T-1045589-3
LA6EBU40,"Catheter La 6f 100cmeb40 , Catheter-cor-guiding (model Number La6ebu40)",BX,Box 1,1,19,,,11342,5235,NR,EVA,FVI,T-1045589-3
LA6EBU45,"Catheter La 6f 100cmeb45 , Catheter-cor-guiding (model Number La6ebu45)",BX,Box 1,1,19,,,11342,5235,NR,EVA,FVI,T-1045589-3
LA6IMA,"Catheter La 6f 100cmima , Catheter-cor-guiding (model Number La6ima)",BX,Box 1,1,19,,,11342,5235,NR,EVA,FVI,T-1045589-3
LA6JL30,"Catheter La 6f 100cmjl30 , Catheter-cor-guiding (model Number La6jl30)",BX,Box 1,1,19,,,11342,5235,NR,EVA,FVI,T-1045589-3
LA6JL35,"Catheter La 6f 100cmjl35 , Catheter-cor-guiding (model Number La6jl35)",BX,Box 1,1,19,,,11342,5235,NR,EVA,FVI,T-1045589-3
LA6JL40,"Catheter La 6f 100cmjl40 , Catheter-cor-guiding (model Number La6jl40)",BX,Box 1,1,19,,,11342,5235,NR,EVA,FVI,T-1045589-3
LA6JR35,"Catheter La 6f 100cmjr35 , Catheter-cor-guiding (model Number La6jr35)",BX,Box 1,1,19,,,11342,5235,NR,EVA,FVI,T-1045589-3
LA6JR40,"Catheter La 6f 100cmjr40 , Catheter-cor-guiding (model Number La6jr40)",BX,Box 1,1,19,,,11342,5235,NR,EVA,FVI,T-1045589-3
LA6JR40SH,"Catheter La 6f 100cmjr40 , Catheter-cor-guiding (model Number La6jr40sh)",BX,Box 1,1,19,,,11342,5235,NR,EVA,FVI,T-1045589-3
LA6JR50SH,"Catheter La 6f 100cmjr50 , Catheter-cor-guiding (model Number La6jr50sh)",BX,Box 1,1,19,,,11342,5235,NR,EVA,FVI,T-1045589-3
LA6LCB,"Catheter La 6f 100cmlcb , Catheter-cor-guiding (model Number La6lcb)",BX,Box 1,1,19,,,11342,5235,NR,EVA,FVI,T-1045589-3
LA6MB1,"Catheter La 6f 100cmmb1 , Catheter-cor-guiding (model Number La6mb1)",BX,Box 1,1,19,,,11342,5235,NR,EVA,FVI,T-1045589-3
LA6RCB,"Catheter La 6f 100cmrcb , Catheter-cor-guiding (model Number La6rcb)",BX,Box 1,1,19,,,11342,5235,NR,EVA,FVI,T-1045589-3
LA7AL75,"Catheter La 7f 100cmal75 , Catheter-cor-guiding (model Number La7al75)",BX,Box 1,1,19,,,11342,5235,NR,EVA,FVI,T-1045589-3
LA7AR20,"Catheter La 7f 100cmar20 , Catheter-cor-guiding (model Number La7ar20)",BX,Box 1,1,19,,,11342,5235,NR,EVA,FVI,T-1045589-3
LA7EBU35,"Catheter La 7f 100cmeb35 , Catheter-cor-guiding (model Number La7ebu35)",BX,Box 1,1,19,,,11342,5235,NR,EVA,FVI,T-1045589-3
LA7JL35,"Catheter La 7f 100cmjl35 , Catheter-cor-guiding (model Number La7jl35)",BX,Box 1,1,19,,,11342,5235,NR,EVA,FVI,T-1045589-3
LA7JL40,"Catheter La 7f 100cmjl40 , Catheter-cor-guiding (model Number La7jl40)",BX,Box 1,1,19,,,11342,5235,NR,EVA,FVI,T-1045589-3
LA7JR40,"Catheter La 7f 100cmjr40 , Catheter-cor-guiding (model Number La7jr40)",BX,Box 1,1,19,,,11342,5235,NR,EVA,FVI,T-1045589-3
LA8AL10,"Catheter La 8f 100cmal10 , Catheter-cor-guiding (model Number La8al10)",BX,Box 1,1,19,,,11342,5235,NR,EVA,FVI,T-1045589-3
LA8AL75,"Catheter La 8f 100cmal75 , Catheter-cor-guiding (model Number La8al75)",BX,Box 1,1,19,,,11342,5235,NR,EVA,FVI,T-1045589-3
LA8JL40,"Catheter La 8f 100cmjl40 , Catheter-cor-guiding (model Number La8jl40)",BX,Box 1,1,19,,,11342,5235,NR,EVA,FVI,T-1045589-3
LA8JR40,"Catheter La 8f 100cmjr40 , Catheter-cor-guiding (model Number La8jr40)",BX,Box 1,1,19,,,11342,5235,NR,EVA,FVI,T-1045589-3
LABOUR,Labour Costs,EA,Single,1,304,,,10176,6710,RE,EVA,ZLM,OFF CONTRACT
LABOURCALLOUT,Call out or labour,EA,Single,1,398,,,10176,6420,NR,EVA,PTX,OFF CONTRACT
LCF3LUK,Lifecard Cf Digital,PU,Pack 1,1,1760.99,,,11981,5275,NR,EVA,FJA,OFF CONTRACT
LEASE-BUYOUT-MEDICAL,Lease Buyout For Medical Equipment,EA,Single,1,4114.58,,,42943,5050,NR,EVA,FBU,OFF CONTRACT
M001465251,Guidewire Amplatz 0.035 Inch 180 Cm Super Stiff Straight,BX,Box 5,5,90,,,10263,5210,NR,EVA,FRD,28351 3256 1343/NHSCA
M00443151,Pericardiocentesis Kit with Clip,BX,Box 3,3,210,,,10263,5050,NR,EVA,FBU,36395
M0046510,"Blazer To Maestro/xp 1000 Cable, 100cm",BX,Box 1,1,70,,,10263,5180,NR,EVA,FRP,OFF CONTRACT
M004EPT4500T0,Catheter Blazer Ii Xp Ablation Quadripolar Standard 8 Fr 8 Mm,BX,Box 1,1,375,,,10263,5180,NR,EVA,FRP,31473
M004EPT4500THK20,Catheter Blazer Ii Htd Xp Ablation Quadripolar Standard Large Curve 8 Fr 8 Mm,BX,Box 1,1,375,,,10263,5180,NR,EVA,FRP,31473
M004EPT5031T0,Catheter Blazer Ii 7 Fr 4 Mm Ablation Quadripolar Standard Curve,BX,Box 1,1,350,,,10263,5180,NR,EVA,FRP,31457
M004EPT5031TH0,7F Standard Blazer,EA,Single,1,350,,,10263,5180,NR,EVA,FRP,OFF CONTRACT
M004EPT5031THK20,Catheter Blazer Ii Htd Ablation Quadripolar Standard Large Curve 7 Fr 4 Mm -- Product Code - M004ept5031thk20,BX,Box 1,1,350,,,10263,5180,NR,EVA,FRP,31747
M004EPT9620K20,Catheter Ablation Blazer Open Irrigated 7.5 Fr 110 Cm 2.5 Mm Quadripolar Large,BX,Box 1,1,600,,,10263,5180,NR,EVA,FRP,32030
M004EPTP4790THK20,Catheter Ablation Blazer Prime Xp 110 Cm 7 Fr 2.5 Mm 10 Mm Large K2,BX,Box 1,1,395,,,10263,5180,NR,EVA,FRP,414336
M004EPTR96200,Intellanav Oi 7/110/2.5/Quad Std Ous,EA,Single,1,900,,,10263,5241,NR,EVA,FCC,DC/SK/SH/33401
MAINTMEDEQ,Maintenance contract MED Equipment,ANN,Year,1,63677.14,,,42973,5300,RE,EVA,FYY,OFF CONTRACT
MAX-N-I,Adhesive Sensor Nellcor(tm) Oximax(tm) For Neonatal <10 Kg Or For Adult >40 Kg International Latex Free Sterile - Max-n-i,CS,Case 24,24,125.04,,,11342,5275,NR,EVA,FDP,TENDER REF STG/0895/2014
MDD100,Merit Disposal Depot,BX,Box 20,20,75,,,11359,5275,NR,EVA,DSC,OFF CONTRACT
MEDEQUIPLABOUR,Medical Equipment - Labour,EA,Single,1,1746.97,,,10176,5160,RE,EVA,NA,OFF CONTRACT
MM9660,3m's Disp. Surgical Clipper Blades - Product Code - Mm9660,CS,Case 50,50,105.16,,,31758,5275,NR,EVA,FBX,OFF CONTRACT
MONOGRAM,Monogramming On Garment (discontinued),EA,Single,1,10,,,19628,5450,NR,EVA,JAA,OFF CONTRACT
MREPAIR,Medical Repair details as follows:-,EA,Single,1,1120,,,37245,5160,RE,EVA,FYX,OFF CONTRACT
MREPAIR,Medical Repair details as follows:-,EA,Single,1,20,,,37245,5160,RE,EVA,FYX,OFF CONTRACT
MSPARES,Medical Equipment As Per Below,EA,Single,1,0.01,,,16899,5050,NR,EVA,FYZ,OFF CONTRACT
MSPARES,Medical Equipment As Per Below,EA,Single,1,55,,,16899,5050,NR,EVA,FYZ,OFF CONTRACT
MSPARES,Medical Equipment As Per Below,EA,Single,1,19.9,,,16899,5050,NR,EVA,FYZ,OFF CONTRACT
N601,Morphine Mg/ml,RO,Roll 500,500,4.24,,,23986,5275,NR,EVA,DSR,OFF CONTRACT
NC-D724,Fineduo – Dual Lumen Microcatheter,EA,Single,1,315,,,12140,5181,NR,EVA,FRB,OFF CONTRACT
NC-F863A,Finecross Coronary Micro Guide Catheter 1.8 Fr X 130 Cm,BX,Box 1,1,325,,,12140,5181,NR,EVA,FRB,OFF CONTRACT
NCEUP2008X,Balloon Nceup2008x Nceuphora Rx,EA,Single,1,41.8,,,11342,5192,NR,EVA,FRE,T-1045589-3
NCEUP2012X,Balloon Nceup2012x Nceuphora Rx,EA,Single,1,41.8,,,11342,5192,NR,EVA,FRE,T-1045589-3
NCEUP2015X,Balloon Nceup2015x Nceuphora Rx,EA,Single,1,41.8,,,11342,5192,NR,EVA,FRE,T-1045589-3
NCEUP2020X,"Balloon, Nceup2020x, Nceuphora, Rx",BX,Box 1,1,41.8,,,11342,5192,NR,EVA,FRE,T-1045589-3
NCEUP2512X,Balloon Nceup2512x Nceuphora Rx,EA,Single,1,41.8,,,11342,5192,NR,EVA,FRE,T-1045589-3
NCEUP2515X,Balloon Nceup2515x Nceuphora Rx,EA,Single,1,41.8,,,11342,5192,NR,EVA,FRE,T-1045589-3
NCEUP2520X,Balloon Nceup2520x Nceuphora Rx,EA,Single,1,41.8,,,11342,5192,NR,EVA,FRE,T-1045589-3
NCEUP3008X,Balloon Nceup3008x Nceuphora Rx,EA,Single,1,41.8,,,11342,5192,NR,EVA,FRE,T-1045589-3
NCEUP3012X,Balloon Nceup3012x Nceuphora Rx,EA,Single,1,41.8,,,11342,5192,NR,EVA,FRE,T-1045589-3
NCEUP3015X,Balloon Nceup3015x Nceuphora Rx,EA,Single,1,41.8,,,11342,5192,NR,EVA,FRE,T-1045589-3
NCEUP3020X,"Balloon, Nceup3020x, Nceuphora, Rx",EA,Single,1,41.8,,,11342,5192,NR,EVA,FRE,T-1045589-3
NCEUP3508X,Balloon Nceup3508x Nceuphora Rx,EA,Single,1,41.8,,,11342,5192,NR,EVA,FRE,T-1045589-3
NCEUP3512X,Balloon Nceup3512x Nceuphora Rx,EA,Single,1,41.8,,,11342,5192,NR,EVA,FRE,T-1045589-3
NCEUP3515X,Balloon Nceup3515x Nceuphora Rx,EA,Single,1,41.8,,,11342,5192,NR,EVA,FRE,T-1045589-3
NCEUP3520X,Balloon Nceup3520x Nceuphora Rx,EA,Single,1,41.8,,,11342,5192,NR,EVA,FRE,T-1045589-3
NCEUP4008X,Balloon Nceup4008x Nceuphora Rx,EA,Single,1,41.8,,,11342,5192,NR,EVA,FRE,T-1045589-3
NCEUP4012X,Balloon Nceup4012x Nceuphora Rx,EA,Single,1,41.8,,,11342,5192,NR,EVA,FRE,T-1045589-3
NCEUP4015X,Balloon Nceup4015x Nceuphora Rx,EA,Single,1,41.8,,,11342,5192,NR,EVA,FRE,T-1045589-3
NCEUP4020X,Balloon Nceup4020x Nceuphora Rx,BX,Box 1,1,41.8,,,11342,5192,NR,EVA,FRE,T-1045589-3
NRG-E-HF-71-C1,NRG Transseptal Needle EEPROM High Flow,EA,Single,1,395,,,37754,5210,NR,EVA,FRD,OFF CONTRACT
NRX1413518,Nhancer RX Dual Lumen RE Guide wire Support Catheter,BX,Box 5,5,1750,,,10007,5181,NR,EVA,FRB,OFF CONTRACT
NRX1413518,Nhancer RX Dual Lumen RE Guide wire Support Catheter,BX,Box 1,1,375,,,10007,5181,NR,EVA,FRB,OFF CONTRACT
OA4007,Sodium Chloride 0.9%,RO,Roll 500,500,4.24,,,23986,5275,NR,EVA,DSR,OFF CONTRACT
ONE1000,10mm Standard Snare Kit 100cm Length,EA,Single,1,145,,,11359,5241,NR,EVA,FCB,OFF CONTRACT
P141-5NL,Cylinder Gas,EA,Single,1,69.08,,,10255,5020,NR,EVA,DYD,OFF CONTRACT
PAGH143092,Astato Xs 20-0.14Inch(180cm Long) Straight Tip Wire,BX,Box 5,5,425,,,25820,5210,NR,EVA,FRD,OFF CONTRACT
PAGHW143094,Astato Xs 40. 0.14 200cm,BX,Box 5,5,475,,,25820,5210,NR,EVA,FRD,OFF CONTRACT
PPW14R100S,Gladius 0.014 200cm Wire,BX,Box 5,5,475,,,25820,5210,NR,EVA,FRD,OFF CONTRACT
PS200-040-SP,Plasmablade Ps200-040-Sp,BX,each,1,157.25,,,11342,5050,NR,EVA,FBU,OFF CONTRACT
PSI-6F-11-018,"Prelude Radial Sheath Introducer Set With 6f Sheath, 11cm Length, Dilator, .0.18ins Steel Guide Wire And 21 Gauge X 4cm Advanced Needle",BX,Box 5,5,110,,,11359,5235,NR,EVA,FVD,OFF CONTRACT
QV305,Mayo scissors 17cm str,EA,Single,1,4.73,,,38419,5241,NR,EVA,FCB,71616
QV418T,Lanes Diss forcep 6 toothed 1x2th,EA,Single,1,6,,,38419,5241,NR,EVA,FCB,71616
QV62,Halstead Mosquito Artery forcep cvd 12.5cm,EA,Single,1,4.05,,,38419,5241,NR,EVA,FCB,71616
RF-GA-35083M,GUIDE WIRE,EA,Single,1,18,,,12140,5181,NR,EVA,NA,OFF CONTRACT
RF-GA-35083M,GUIDE WIRE,EA,Single,1,9,,,12140,5181,NR,EVA,NA,OFF CONTRACT
RF-GS35183M,Guide Wire Standard Straight 0.035ins X 180cm 3cm Flex,BX,Box 5,5,90,,,12140,5210,NR,EVA,FRD,OFF CONTRACT
RF*GA35153M,Guide Wire Standard Angled 0.035ins X 150cm 3cm Flex,BX,Box 5,5,90,,,12140,5210,NR,EVA,FRD,OFF CONTRACT
RF*GA35183M,Guide Wire Standard Angled 0.035ins X 180cm 3cm Flex,BX,Box 5,5,90,,,12140,5210,NR,EVA,FRD,OFF CONTRACT
RF+GA35263M,Guide Wire Standard Angled 0.035ins X 260cm 3cm Flex,BX,Box 5,5,145,,,12140,5210,NR,EVA,FRD,OFF CONTRACT
RM*RS6F10PQ,Slender 6fr 10cm Dilator: 0.021ins Mini Gw: Spring Straight 0.021insx45cm Metalneedle 21g,BX,Box 5,5,105,,,12140,5275,NR,EVA,FRC,OFF CONTRACT
RMRS5C10PQ,Glidesheath slender 4/5F - 10cm length - Hydrophilic with steel wire & open needle,BX,Box 5,5,105,,,12140,5235,NR,EVA,FVD,OFF CONTRACT
RMRS7F10PQ,Glidesheath slender 6/7F - 10cm length - Hydrophilic with steel wire & open needle,BX,Box 5,5,120,,,12140,5235,NR,EVA,FVD,OFF CONTRACT
RMRS7F10PQ,Glidesheath slender 6/7F - 10cm length - Hydrophilic with steel wire & open needle,BX,Box 5,5,105,,,12140,5235,NR,EVA,FVD,OFF CONTRACT
RONYX20012X,Des Ronyx20012x Resolute Onyx 2.00x12x,EA,Single,1,269.8,,,11342,5195,NR,EVA,FRK,T-1045589-3
RONYX20015X,Des Ronyx20015x Resolute Onyx 2.00x15x,EA,Single,1,269.8,,,11342,5195,NR,EVA,FRK,T-1045589-3
RONYX22508X,Des Ronyx22508x Resolute Onyx 2.25x08x,EA,Single,1,269.8,,,11342,5195,NR,EVA,FRK,T-1045589-3
RONYX22515X,Des Ronyx22515x Resolute Onyx 2.25x15x,EA,Single,1,269.8,,,11342,5195,NR,EVA,FRK,T-1045589-3
RONYX22518X,Des Ronyx22518x Resolute Onyx 2.25x18x,EA,Single,1,269.8,,,11342,5195,NR,EVA,FRK,T-1045589-3
RONYX22522X,Des Ronyx22522x Resolute Onyx 2.25x22x,EA,Single,1,269.8,,,11342,5195,NR,EVA,FRK,T-1045589-3
RONYX22526X,Des Ronyx22526x Resolute Onyx 2.25x26x,EA,Single,1,269.8,,,11342,5195,NR,EVA,FRK,T-1045589-3
RONYX25015X,Des Ronyx25015x Resolute Onyx 2.50x15x,EA,Single,1,269.8,,,11342,5195,NR,EVA,FRK,T-1045589-3
RONYX25022X,Des Ronyx25022x Resolute Onyx 2.50x22x,EA,Single,1,269.8,,,11342,5195,NR,EVA,FRK,T-1045589-3
RONYX25026X,Des Ronyx25026x Resolute Onyx 2.50x26x,EA,Single,1,269.8,,,11342,5195,NR,EVA,FRK,T-1045589-3
RONYX25030X,Des Ronyx25030x Resolute Onyx 2.50x30x,EA,Single,1,269.8,,,11342,5195,NR,EVA,FRK,T-1045589-3
RONYX27512X,Des Ronyx27512x Resolute Onyx 2.75x12x,EA,Single,1,269.8,,,11342,5195,NR,EVA,FRK,T-1045589-3
RONYX27515X,Des Ronyx27515x Resolute Onyx 2.75x15x,EA,Single,1,269.8,,,11342,5195,NR,EVA,FRK,T-1045589-3
RONYX27518X,Des Ronyx27518x Resolute Onyx 2.75x18x,EA,Single,1,269.8,,,11342,5195,NR,EVA,FRK,T-1045589-3
RONYX27522X,Des Ronyx27522x Resolute Onyx 2.75x22x,EA,Single,1,269.8,,,11342,5195,NR,EVA,FRK,T-1045589-3
RONYX27526X,Des Ronyx27526x Resolute Onyx 2.75x26x,EA,Single,1,269.8,,,11342,5195,NR,EVA,FRK,T-1045589-3
RONYX27530X,Des Ronyx27530x Resolute Onyx 2.75x30x,EA,Single,1,269.8,,,11342,5195,NR,EVA,FRK,T-1045589-3
RONYX27534X,Des Ronyx27534x Resolute Onyx 2.75x34x,EA,Single,1,269.8,,,11342,5195,NR,EVA,FRK,T-1045589-3
RONYX27538X,Des Ronyx27538x Resolute Onyx 2.75x38x,EA,Single,1,269.8,,,11342,5195,NR,EVA,FRK,T-1045589-3
RONYX30008X,Des Ronyx30008x Resolute Onyx 3.00x08x,EA,Single,1,269.8,,,11342,5195,NR,EVA,FRK,T-1045589-3
RONYX30012X,Des Ronyx30012x Resolute Onyx 3.00x12x,EA,Single,1,269.8,,,11342,5195,NR,EVA,FRK,T-1045589-3
RONYX30015X,Des Ronyx30015x Resolute Onyx 3.00x15x,EA,Single,1,269.8,,,11342,5195,NR,EVA,FRK,T-1045589-3
RONYX30018X,Des Ronyx30018x Resolute Onyx 3.00x18x,EA,Single,1,269.8,,,11342,5195,NR,EVA,FRK,T-1045589-3
RONYX30022X,Des Ronyx30022x Resolute Onyx 3.00x22x,EA,Single,1,269.8,,,11342,5195,NR,EVA,FRK,T-1045589-3
RONYX30026X,Des Ronyx30026x Resolute Onyx 3.00x26x,EA,Single,1,269.8,,,11342,5195,NR,EVA,FRK,T-1045589-3
RONYX30030X,Des Ronyx30030x Resolute Onyx 3.00x30x,EA,Single,1,269.8,,,11342,5195,NR,EVA,FRK,T-1045589-3
RONYX30034X,Des Ronyx30034x Resolute Onyx 3.00x34x,EA,Single,1,269.8,,,11342,5195,NR,EVA,FRK,T-1045589-3
RONYX30038X,Des Ronyx30038x Resolute Onyx 3.00x38x,EA,Single,1,269.8,,,11342,5195,NR,EVA,FRK,T-1045589-3
RONYX35008X,Des Ronyx35008x Resolute Onyx 3.50x08x,EA,Single,1,269.8,,,11342,5195,NR,EVA,FRK,T-1045589-3
RONYX35012X,Des Ronyx35012x Resolute Onyx 3.50x12x,EA,Single,1,269.8,,,11342,5195,NR,EVA,FRK,T-1045589-3
RONYX35015X,Des Ronyx35015x Resolute Onyx 3.50x15x,EA,Single,1,269.8,,,11342,5195,NR,EVA,FRK,T-1045589-3
RONYX35018X,Des Ronyx35018x Resolute Onyx 3.50x18x,EA,Single,1,269.8,,,11342,5195,NR,EVA,FRK,T-1045589-3
RONYX35022X,Des Ronyx35022x Resolute Onyx 3.50x22x,EA,Single,1,269.8,,,11342,5195,NR,EVA,FRK,T-1045589-3
RONYX35026X,Des Ronyx35026x Resolute Onyx 3.50x26x,EA,Single,1,269.8,,,11342,5195,NR,EVA,FRK,T-1045589-3
RONYX35030X,Des Ronyx35030x Resolute Onyx 3.50x30x,EA,Single,1,269.8,,,11342,5195,NR,EVA,FRK,T-1045589-3
RONYX35034X,Des Ronyx35034x Resolute Onyx 3.50x34x,EA,Single,1,269.8,,,11342,5195,NR,EVA,FRK,T-1045589-3
RONYX35038X,Des Ronyx35038x Resolute Onyx 3.50x38x,EA,Single,1,269.8,,,11342,5195,NR,EVA,FRK,T-1045589-3
RONYX40008X,Des Ronyx40008x Resolute Onyx 4.00x08x,EA,Single,1,269.8,,,11342,5195,NR,EVA,FRK,T-1045589-3
RONYX40012X,Des Ronyx40012x Resolute Onyx 4.00x12x,EA,Single,1,269.8,,,11342,5195,NR,EVA,FRK,T-1045589-3
RONYX40015X,Des Ronyx40015x Resolute Onyx 4.00x15x,EA,Single,1,269.8,,,11342,5195,NR,EVA,FRK,T-1045589-3
RONYX40018X,Des Ronyx40018x Resolute Onyx 4.00x18x,EA,Single,1,269.8,,,11342,5195,NR,EVA,FRK,T-1045589-3
RONYX40022X,Des Ronyx40022x Resolute Onyx 4.00x22x,EA,Single,1,269.8,,,11342,5195,NR,EVA,FRK,T-1045589-3
RONYX40026X,Des Ronyx40026x Resolute Onyx 4.00x26x,EA,Single,1,269.8,,,11342,5195,NR,EVA,FRK,T-1045589-3
RONYX40030X,Des Ronyx40030x Resolute Onyx 4.00x30x,EA,Single,1,269.8,,,11342,5195,NR,EVA,FRK,T-1045589-3
RONYX40034X,Des Ronyx40034x Resolute Onyx 4.00x34x,EA,Single,1,269.8,,,11342,5195,NR,EVA,FRK,T-1045589-3
RONYX40038X,Des Ronyx40038x Resolute Onyx 4.00x38x,EA,Single,1,269.8,,,11342,5195,NR,EVA,FRK,T-1045589-3
RONYX45015X,Des Ronyx45015x Resolute Onyx 4.50x15x,BX,Box 1,1,269.8,,,11342,5195,NR,EVA,FRK,T-1045589-3
RONYX45018X,Des Ronyx45018x Resolute Onyx 4.50x18x,BX,Box 1,1,269.8,,,11342,5195,NR,EVA,FRK,T-1045589-3
RONYX45022X,Des Ronyx45022x Resolute Onyx 4.50x22x,BX,Box 1,1,269.8,,,11342,5195,NR,EVA,FRK,T-1045589-3
RONYX50012X,Des Ronyx50012x Resolute Onyx 5.00x12x,BX,Box 1,1,269.8,,,11342,5195,NR,EVA,FRK,T-1045589-3
RONYX50015X,Des Ronyx50015x Resolute Onyx 5.00x15x,BX,Box 1,1,269.8,,,11342,5195,NR,EVA,FRK,T-1045589-3
SA145-33N,Sasuke Wire 145cm,EA,Single,1,300,,,25820,5210,NR,EVA,FRD,OFF CONTRACT
SAT001,Smartablate System Irrigation Tubing Set,EA,Single,1,20,,,11103,5210,NR,EVA,FRD,OFF CONTRACT
SERVICEPARTS,Parts And Spares Used On Service Visit,EA,Single,1,438.92,,,10176,5600,NR,EVA,KBY,OFF CONTRACT
SK400,"Goose Neck Microsnare Kit, Loop Diameter 4 Mm, Snare Length 175 Cm, Catheter Size Distal-proximal 2.3fr-3fr, Catheter Length 150 Cm (sk400)",BX,Box 1,1,574,,,11342,5241,NR,EVA,FCB,LIST PRICED ITEMS
SPD2-040-190,4 Mm Spider Embolic Protection Device 190 (spd2-040-190),BX,Box 1,1,650,,,11342,5235,NR,EVA,FVI,OFF CONTRACT REF S-189652
SPD2-050-190,5 Mm Spider Embolic Protection Device 190 (spd2-050-190),BX,Box 1,1,650,,,11342,5235,NR,EVA,FVI,OFF CONTRACT REF S-189652
SPL12510X,Balloon Catheter Sprinter Legend 1.5 X 10 Rx 10mm X 2.5mm,BX,Box 1,1,95,,,11342,5192,NR,EVA,FRE,OFF CONTRACT REF S-142000
SPL12512X,Bln Spl12512x Sprinter Legend 1.25x12 Rx,BX,Box 1,1,95,,,11342,5192,NR,EVA,FRE,OFF CONTRACT REF S-142000
SPL12515X,Bln Spl12515x Sprinter Legend 1.25x15 Rx,BX,Box 1,1,95,,,11342,5192,NR,EVA,FRE,OFF CONTRACT REF S-142000
SPL25015X,Bln Spl25015x Sprinterlegend 2.5x15 Rxm,BX,Box 1,1,35,,,11342,5192,NR,EVA,FRE,T-1045589-3
SPL25030X,Bln Spl25030x Sprinter Legend 2.5x30 Rx,BX,Box 1,1,35,,,11342,5192,NR,EVA,FRE,T-1045589-3
SR2228,6F Pigtail Diagnostic Catheter 125cm,BX,Box 5,5,50.7,,,40995,5181,NR,EVA,FRB,OFF CONTRACT
STG195,Inpatient Prescription & Admin Record,PU,Pack 100,100,69.2,,,29998,5900,NR,EVA,WPH,OFF CONTRACT
T100209B,Single Tranducers T100209B/Truwave Single Pressure Monitoring Set,CS,Case 10,10,44,,,16899,5275,NR,EVA,FJB,STGPA00150718
T530116B,Pressure Monitoring Set,BX,Box 20,20,297,,,16899,5275,NR,EVA,FJB,Q15-0130
T530116B,Pressure Monitoring Set,BX,Box 20,20,253,,,16899,5275,NR,EVA,FJB,Q15-0130
T531401A,Truwave Customised Double Pressure Monitoring Set No Iv,BX,Box 10,10,74,,,16899,5275,NR,EVA,FJB,STGPA00150718
W3113,Monocryl Vio 150cm M3,BX,Box 12,12,18.41,,,11103,5265,NR,EVA,FXK,01000/0005812/006
W338H,Silk Blk 75cm M4,BX,Box 36,36,45.37,,,11103,5265,NR,EVA,FXK,UKEPGS00206
W338H,Silk Blk 75cm M4,BX,Box 36,36,46.73,,,11103,5265,NR,EVA,FXK,UKEPGS00206
W3441,Monocryl Uc Vio 70cm M3,BX,Box 12,12,20.98,,,11103,5265,NR,EVA,FXK,UKEPGS00206
W552,Silk Blk 75cm M3.5,BX,Box 12,12,13.8,,,11103,5265,NR,EVA,FXK,UKEPGS00206
W552,Silk Blk 75cm M3.5,BX,Box 12,12,14.21,,,11103,5265,NR,EVA,FXK,UKEPGS00206
W631,DISCONTINUED. 2-0 Usp / 3 Metric / Prolene(r) Polypropylene Suture / Monofilament / Blue / 1 X 75 Cm / Ks / 60 Mm Straight / Cutting 2 Beads + 2 Collars,BX,Box 12,12,29.22,,,11103,5265,NR,EVA,FXK,01000/0005812/006
W9130,Vicryl Ct Vio 75cm M2,BX,Box 12,12,19.51,,,11103,5265,NR,EVA,FXK,UKEPGS00206
W9463,Vicryl Ct Vio 90cm M3,BX,Box 12,12,23.95,,,11103,5265,NR,EVA,FXK,UKEPGS00206
W9463,Vicryl Ct Vio 90cm M3,BX,Box 12,12,24.97,,,11103,5265,NR,EVA,FXK,UKEPGS00206
W9506T,Vicryl Und 45cm M1.5,BX,Box 24,24,56.68,,,11103,5265,NR,EVA,FXK,UKEPGS00206
W9717,Vicryl Und 75cm M2,BX,Box 12,12,19.51,,,11103,5265,NR,EVA,FXK,UKEPGS00206
W9718,Vicryl Ct Ud 75cm M3,BX,Box 12,12,19.03,,,11103,5265,NR,EVA,FXK,UKEPGS00206
W9718,Vicryl Ct Ud 75cm M3,BX,Box 12,12,19.61,,,11103,5265,NR,EVA,FXK,UKEPGS00206
X905G,Eithibond Excel Grn 90cm M3.5 Ups0 D/Av-7,BX,Box 12,12,43.3,,,11103,5265,NR,EVA,FXK,OFF CONTRACT
XX*RF06,Tr Band Radial Artery Compression Device - Standard 24cm,BX,Box 5,5,60,,,12140,5191,NR,EVA,FRX,OFF CONTRACT
XX*RF06L,Tr Band Radial Artery Compression Device - Large 29cm,BX,Box 5,5,60,,,12140,5191,NR,EVA,FRX,OFF CONTRACT
YOKOA(5),Okay 2 - Asahi Goodtec Y-Connector Set,BX,Box 5,5,95,,,25820,5275,NR,EVA,FFM,OFF CONTRACT
,,,,,,,,,,,,,
,,,,,,,,,,,,,
,,,,,,,,,,,,,
,,,,,,,,,,,,,
,,,,,,,,,,,,,
,,,,,,,,,,,,,
,,,,,,,,,,,,,
,,,,,,,,,,,,,
,,,,,,,,,,,,,
,,,,,,,,,,,,,
,,,,,,,,,,,,,
,,,,,,,,,,,,,
,,,,,,,,,,,,,
,,,,,,,,,,,,,
,,,,,,,,,,,,,
,,,,,,,,,,,,,
,,,,,,,,,,,,,
,,,,,,,,,,,,,
,,,,,,,,,,,,,
,,,,,,,,,,,,,
,,,,,,,,,,,,,
,,,,,,,,,,,,,
,,,,,,,,,,,,,
,,,,,,,,,,,,,
,,,,,,,,,,,,,
,,,,,,,,,,,,,
,,,,,,,,,,,,,
,,,,,,,,,,,,,
,,,,,,,,,,,,,
,,,,,,,,,,,,,
,,,,,,,,,,,,,
,,,,,,,,,,,,,
,,,,,,,,,,,,,
,,,,,,,,,,,,,
,,,,,,,,,,,,,
,,,,,,,,,,,,,
,,,,,,,,,,,,,
,,,,,,,,,,,,,
,,,,,,,,,,,,,
,,,,,,,,,,,,,
,,,,,,,,,,,,,
,,,,,,,,,,,,,
,,,,,,,,,,,,,
,,,,,,,,,,,,,
,,,,,,,,,,,,,
,,,,,,,,,,,,,
,,,,,,,,,,,,,
,,,,,,,,,,,,,
,,,,,,,,,,,,,
,,,,,,,,,,,,,
,,,,,,,,,,,,,
,,,,,,,,,,,,,
,,,,,,,,,,,,,
,,,,,,,,,,,,,
,,,,,,,,,,,,,
,,,,,,,,,,,,,
,,,,,,,,,,,,,
,,,,,,,,,,,,,
,,,,,,,,,,,,,
,,,,,,,,,,,,,
,,,,,,,,,,,,,
,,,,,,,,,,,,,
,,,,,,,,,,,,,
,,,,,,,,,,,,,
,,,,,,,,,,,,,
,,,,,,,,,,,,,
,,,,,,,,,,,,,
,,,,,,,,,,,,,
,,,,,,,,,,,,,
,,,,,,,,,,,,,
,,,,,,,,,,,,,
,,,,,,,,,,,,,
,,,,,,,,,,,,,
,,,,,,,,,,,,,
,,,,,,,,,,,,,
,,,,,,,,,,,,,
,,,,,,,,,,,,,
,,,,,,,,,,,,,
,,,,,,,,,,,,,
,,,,,,,,,,,,,
,,,,,,,,,,,,,
,,,,,,,,,,,,,
,,,,,,,,,,,,,
,,,,,,,,,,,,,
,,,,,,,,,,,,,
,,,,,,,,,,,,,
,,,,,,,,,,,,,
,,,,,,,,,,,,,
,,,,,,,,,,,,,
,,,,,,,,,,,,,
,,,,,,,,,,,,,
,,,,,,,,,,,,,
,,,,,,,,,,,,,
,,,,,,,,,,,,,
,,,,,,,,,,,,,
,,,,,,,,,,,,,
,,,,,,,,,,,,,
,,,,,,,,,,,,,
,,,,,,,,,,,,,
,,,,,,,,,,,,,
,,,,,,,,,,,,,
,,,,,,,,,,,,,
,,,,,,,,,,,,,
,,,,,,,,,,,,,
,,,,,,,,,,,,,
,,,,,,,,,,,,,
,,,,,,,,,,,,,
,,,,,,,,,,,,,
,,,,,,,,,,,,,
,,,,,,,,,,,,,
,,,,,,,,,,,,,
,,,,,,,,,,,,,
,,,,,,,,,,,,,
,,,,,,,,,,,,,
,,,,,,,,,,,,,
,,,,,,,,,,,,,
,,,,,,,,,,,,,
,,,,,,,,,,,,,
,,,,,,,,,,,,,
,,,,,,,,,,,,,
,,,,,,,,,,,,,
,,,,,,,,,,,,,
,,,,,,,,,,,,,
,,,,,,,,,,,,,
,,,,,,,,,,,,,
,,,,,,,,,,,,,
,,,,,,,,,,,,,
,,,,,,,,,,,,,
,,,,,,,,,,,,,
,,,,,,,,,,,,,
,,,,,,,,,,,,,
,,,,,,,,,,,,,
,,,,,,,,,,,,,
,,,,,,,,,,,,,
,,,,,,,,,,,,,
,,,,,,,,,,,,,
,,,,,,,,,,,,,
,,,,,,,,,,,,,
,,,,,,,,,,,,,
,,,,,,,,,,,,,
,,,,,,,,,,,,,
,,,,,,,,,,,,,
,,,,,,,,,,,,,
,,,,,,,,,,,,,
,,,,,,,,,,,,,
,,,,,,,,,,,,,
,,,,,,,,,,,,,
,,,,,,,,,,,,,
,,,,,,,,,,,,,
,,,,,,,,,,,,,
,,,,,,,,,,,,,
,,,,,,,,,,,,,
,,,,,,,,,,,,,
,,,,,,,,,,,,,
,,,,,,,,,,,,,
,,,,,,,,,,,,,
,,,,,,,,,,,,,
,,,,,,,,,,,,,
,,,,,,,,,,,,,
,,,,,,,,,,,,,
,,,,,,,,,,,,,
,,,,,,,,,,,,,
,,,,,,,,,,,,,
,,,,,,,,,,,,,
,,,,,,,,,,,,,
,,,,,,,,,,,,,
,,,,,,,,,,,,,
,,,,,,,,,,,,,
,,,,,,,,,,,,,
,,,,,,,,,,,,,
,,,,,,,,,,,,,
,,,,,,,,,,,,,
,,,,,,,,,,,,,
,,,,,,,,,,,,,
,,,,,,,,,,,,,
,,,,,,,,,,,,,
,,,,,,,,,,,,,
,,,,,,,,,,,,,
,,,,,,,,,,,,,
,,,,,,,,,,,,,
,,,,,,,,,,,,,
,,,,,,,,,,,,,
,,,,,,,,,,,,,
,,,,,,,,,,,,,
,,,,,,,,,,,,,
,,,,,,,,,,,,,
,,,,,,,,,,,,,
,,,,,,,,,,,,,
,,,,,,,,,,,,,
,,,,,,,,,,,,,
,,,,,,,,,,,,,
,,,,,,,,,,,,,
,,,,,,,,,,,,,
,,,,,,,,,,,,,
,,,,,,,,,,,,,
,,,,,,,,,,,,,
,,,,,,,,,,,,,
,,,,,,,,,,,,,
,,,,,,,,,,,,,
,,,,,,,,,,,,,
,,,,,,,,,,,,,
,,,,,,,,,,,,,
,,,,,,,,,,,,,
,,,,,,,,,,,,,
,,,,,,,,,,,,,
,,,,,,,,,,,,,
,,,,,,,,,,,,,
,,,,,,,,,,,,,
,,,,,,,,,,,,,
,,,,,,,,,,,,,
,,,,,,,,,,,,,
,,,,,,,,,,,,,
,,,,,,,,,,,,,
,,,,,,,,,,,,,
,,,,,,,,,,,,,
,,,,,,,,,,,,,
,,,,,,,,,,,,,
,,,,,,,,,,,,,
,,,,,,,,,,,,,
,,,,,,,,,,,,,
,,,,,,,,,,,,,
,,,,,,,,,,,,,
,,,,,,,,,,,,,
,,,,,,,,,,,,,
,,,,,,,,,,,,,
,,,,,,,,,,,,,
,,,,,,,,,,,,,
,,,,,,,,,,,,,
,,,,,,,,,,,,,
,,,,,,,,,,,,,
,,,,,,,,,,,,,
,,,,,,,,,,,,,
,,,,,,,,,,,,,
,,,,,,,,,,,,,
,,,,,,,,,,,,,
,,,,,,,,,,,,,
,,,,,,,,,,,,,
,,,,,,,,,,,,,
,,,,,,,,,,,,,
,,,,,,,,,,,,,
,,,,,,,,,,,,,
,,,,,,,,,,,,,
,,,,,,,,,,,,,
,,,,,,,,,,,,,
,,,,,,,,,,,,,
,,,,,,,,,,,,,
,,,,,,,,,,,,,
,,,,,,,,,,,,,
,,,,,,,,,,,,,
,,,,,,,,,,,,,
,,,,,,,,,,,,,
,,,,,,,,,,,,,
,,,,,,,,,,,,,
,,,,,,,,,,,,,
,,,,,,,,,,,,,
,,,,,,,,,,,,,
,,,,,,,,,,,,,
,,,,,,,,,,,,,
,,,,,,,,,,,,,
,,,,,,,,,,,,,
,,,,,,,,,,,,,
,,,,,,,,,,,,,
,,,,,,,,,,,,,
,,,,,,,,,,,,,
,,,,,,,,,,,,,
,,,,,,,,,,,,,
,,,,,,,,,,,,,
,,,,,,,,,,,,,
,,,,,,,,,,,,,
,,,,,,,,,,,,,
,,,,,,,,,,,,,
,,,,,,,,,,,,,
,,,,,,,,,,,,,
,,,,,,,,,,,,,
,,,,,,,,,,,,,
,,,,,,,,,,,,,
,,,,,,,,,,,,,
,,,,,,,,,,,,,
,,,,,,,,,,,,,
,,,,,,,,,,,,,
,,,,,,,,,,,,,
,,,,,,,,,,,,,
,,,,,,,,,,,,,
,,,,,,,,,,,,,
,,,,,,,,,,,,,
,,,,,,,,,,,,,
,,,,,,,,,,,,,
,,,,,,,,,,,,,
,,,,,,,,,,,,,
,,,,,,,,,,,,,
,,,,,,,,,,,,,
,,,,,,,,,,,,,
,,,,,,,,,,,,,
,,,,,,,,,,,,,
,,,,,,,,,,,,,
,,,,,,,,,,,,,
,,,,,,,,,,,,,
,,,,,,,,,,,,,
,,,,,,,,,,,,,
,,,,,,,,,,,,,
,,,,,,,,,,,,,
,,,,,,,,,,,,,
,,,,,,,,,,,,,
,,,,,,,,,,,,,
,,,,,,,,,,,,,
,,,,,,,,,,,,,
,,,,,,,,,,,,,
,,,,,,,,,,,,,
,,,,,,,,,,,,,
,,,,,,,,,,,,,
,,,,,,,,,,,,,
,,,,,,,,,,,,,
,,,,,,,,,,,,,
,,,,,,,,,,,,,
,,,,,,,,,,,,,
,,,,,,,,,,,,,
,,,,,,,,,,,,,
,,,,,,,,,,,,,
,,,,,,,,,,,,,
,,,,,,,,,,,,,
,,,,,,,,,,,,,
,,,,,,,,,,,,,
,,,,,,,,,,,,,
,,,,,,,,,,,,,
,,,,,,,,,,,,,
,,,,,,,,,,,,,
,,,,,,,,,,,,,
,,,,,,,,,,,,,
,,,,,,,,,,,,,
,,,,,,,,,,,,,
,,,,,,,,,,,,,
,,,,,,,,,,,,,
,,,,,,,,,,,,,
,,,,,,,,,,,,,
,,,,,,,,,,,,,
,,,,,,,,,,,,,
,,,,,,,,,,,,,
,,,,,,,,,,,,,
,,,,,,,,,,,,,
,,,,,,,,,,,,,
,,,,,,,,,,,,,
,,,,,,,,,,,,,
,,,,,,,,,,,,,
,,,,,,,,,,,,,
,,,,,,,,,,,,,
,,,,,,,,,,,,,
,,,,,,,,,,,,,
,,,,,,,,,,,,,
,,,,,,,,,,,,,
,,,,,,,,,,,,,
,,,,,,,,,,,,,
,,,,,,,,,,,,,
,,,,,,,,,,,,,
,,,,,,,,,,,,,
,,,,,,,,,,,,,
,,,,,,,,,,,,,
,,,,,,,,,,,,,
,,,,,,,,,,,,,
,,,,,,,,,,,,,
,,,,,,,,,,,,,
,,,,,,,,,,,,,
,,,,,,,,,,,,,
,,,,,,,,,,,,,
,,,,,,,,,,,,,
,,,,,,,,,,,,,
,,,,,,,,,,,,,
,,,,,,,,,,,,,
,,,,,,,,,,,,,
,,,,,,,,,,,,,
,,,,,,,,,,,,,
,,,,,,,,,,,,,
,,,,,,,,,,,,,
,,,,,,,,,,,,,
,,,,,,,,,,,,,
,,,,,,,,,,,,,
,,,,,,,,,,,,,
,,,,,,,,,,,,,
,,,,,,,,,,,,,
,,,,,,,,,,,,,
,,,,,,,,,,,,,
,,,,,,,,,,,,,
,,,,,,,,,,,,,
,,,,,,,,,,,,,
,,,,,,,,,,,,,
,,,,,,,,,,,,,
,,,,,,,,,,,,,
,,,,,,,,,,,,,
,,,,,,,,,,,,,
,,,,,,,,,,,,,
,,,,,,,,,,,,,
,,,,,,,,,,,,,
,,,,,,,,,,,,,
,,,,,,,,,,,,,
,,,,,,,,,,,,,
,,,,,,,,,,,,,
,,,,,,,,,,,,,
,,,,,,,,,,,,,
,,,,,,,,,,,,,
,,,,,,,,,,,,,
,,,,,,,,,,,,,
,,,,,,,,,,,,,
,,,,,,,,,,,,,
,,,,,,,,,,,,,
,,,,,,,,,,,,,
,,,,,,,,,,,,,
,,,,,,,,,,,,,
,,,,,,,,,,,,,
,,,,,,,,,,,,,
,,,,,,,,,,,,,
,,,,,,,,,,,,,
,,,,,,,,,,,,,
,,,,,,,,,,,,,
,,,,,,,,,,,,,
,,,,,,,,,,,,,
,,,,,,,,,,,,,
,,,,,,,,,,,,,
,,,,,,,,,,,,,
,,,,,,,,,,,,,
,,,,,,,,,,,,,
,,,,,,,,,,,,,
,,,,,,,,,,,,,
,,,,,,,,,,,,,
,,,,,,,,,,,,,
,,,,,,,,,,,,,
,,,,,,,,,,,,,
,,,,,,,,,,,,,
,,,,,,,,,,,,,
,,,,,,,,,,,,,
,,,,,,,,,,,,,
,,,,,,,,,,,,,
,,,,,,,,,,,,,
,,,,,,,,,,,,,
,,,,,,,,,,,,,
,,,,,,,,,,,,,
,,,,,,,,,,,,,
,,,,,,,,,,,,,
,,,,,,,,,,,,,
,,,,,,,,,,,,,
,,,,,,,,,,,,,
,,,,,,,,,,,,,
,,,,,,,,,,,,,
,,,,,,,,,,,,,
,,,,,,,,,,,,,
,,,,,,,,,,,,,
,,,,,,,,,,,,,
,,,,,,,,,,,,,
,,,,,,,,,,,,,
,,,,,,,,,,,,,
,,,,,,,,,,,,,
,,,,,,,,,,,,,
,,,,,,,,,,,,,
,,,,,,,,,,,,,
,,,,,,,,,,,,,
,,,,,,,,,,,,,
,,,,,,,,,,,,,
,,,,,,,,,,,,,
,,,,,,,,,,,,,
,,,,,,,,,,,,,
,,,,,,,,,,,,,
,,,,,,,,,,,,,
,,,,,,,,,,,,,
,,,,,,,,,,,,,
,,,,,,,,,,,,,
,,,,,,,,,,,,,
,,,,,,,,,,,,,
,,,,,,,,,,,,,
,,,,,,,,,,,,,
,,,,,,,,,,,,,
,,,,,,,,,,,,,
,,,,,,,,,,,,,
,,,,,,,,,,,,,
,,,,,,,,,,,,,
,,,,,,,,,,,,,
,,,,,,,,,,,,,
,,,,,,,,,,,,,
,,,,,,,,,,,,,
,,,,,,,,,,,,,
,,,,,,,,,,,,,
,,,,,,,,,,,,,
,,,,,,,,,,,,,
,,,,,,,,,,,,,
,,,,,,,,,,,,,
,,,,,,,,,,,,,
,,,,,,,,,,,,,
,,,,,,,,,,,,,
,,,,,,,,,,,,,
,,,,,,,,,,,,,
,,,,,,,,,,,,,
,,,,,,,,,,,,,
,,,,,,,,,,,,,
,,,,,,,,,,,,,
,,,,,,,,,,,,,
,,,,,,,,,,,,,
,,,,,,,,,,,,,
,,,,,,,,,,,,,
,,,,,,,,,,,,,
,,,,,,,,,,,,,
,,,,,,,,,,,,,
,,,,,,,,,,,,,
,,,,,,,,,,,,,
,,,,,,,,,,,,,
,,,,,,,,,,,,,
,,,,,,,,,,,,,
,,,,,,,,,,,,,
,,,,,,,,,,,,,
,,,,,,,,,,,,,
,,,,,,,,,,,,,
,,,,,,,,,,,,,
,,,,,,,,,,,,,
,,,,,,,,,,,,,
,,,,,,,,,,,,,
,,,,,,,,,,,,,
,,,,,,,,,,,,,
,,,,,,,,,,,,,
,,,,,,,,,,,,,
,,,,,,,,,,,,,
,,,,,,,,,,,,,
,,,,,,,,,,,,,
,,,,,,,,,,,,,
,,,,,,,,,,,,,
,,,,,,,,,,,,,
,,,,,,,,,,,,,
,,,,,,,,,,,,,
,,,,,,,,,,,,,
,,,,,,,,,,,,,
,,,,,,,,,,,,,
,,,,,,,,,,,,,
,,,,,,,,,,,,,
,,,,,,,,,,,,,
,,,,,,,,,,,,,
,,,,,,,,,,,,,
,,,,,,,,,,,,,
,,,,,,,,,,,,,
,,,,,,,,,,,,,
,,,,,,,,,,,,,
,,,,,,,,,,,,,
,,,,,,,,,,,,,
,,,,,,,,,,,,,
,,,,,,,,,,,,,
,,,,,,,,,,,,,
,,,,,,,,,,,,,
,,,,,,,,,,,,,
,,,,,,,,,,,,,
,,,,,,,,,,,,,
,,,,,,,,,,,,,
,,,,,,,,,,,,,
,,,,,,,,,,,,,
,,,,,,,,,,,,,
,,,,,,,,,,,,,
,,,,,,,,,,,,,
,,,,,,,,,,,,,
,,,,,,,,,,,,,
,,,,,,,,,,,,,
,,,,,,,,,,,,,
,,,,,,,,,,,,,
,,,,,,,,,,,,,
,,,,,,,,,,,,,
,,,,,,,,,,,,,
,,,,,,,,,,,,,
,,,,,,,,,,,,,
,,,,,,,,,,,,,
,,,,,,,,,,,,,
,,,,,,,,,,,,,
,,,,,,,,,,,,,
,,,,,,,,,,,,,
,,,,,,,,,,,,,
,,,,,,,,,,,,,
,,,,,,,,,,,,,
,,,,,,,,,,,,,
,,,,,,,,,,,,,
,,,,,,,,,,,,,
,,,,,,,,,,,,,
,,,,,,,,,,,,,
,,,,,,,,,,,,,
,,,,,,,,,,,,,
,,,,,,,,,,,,,
,,,,,,,,,,,,,
,,,,,,,,,,,,,
,,,,,,,,,,,,,
,,,,,,,,,,,,,
,,,,,,,,,,,,,
,,,,,,,,,,,,,
,,,,,,,,,,,,,
,,,,,,,,,,,,,
,,,,,,,,,,,,,
,,,,,,,,,,,,,
,,,,,,,,,,,,,
,,,,,,,,,,,,,
,,,,,,,,,,,,,
,,,,,,,,,,,,,
,,,,,,,,,,,,,
,,,,,,,,,,,,,
,,,,,,,,,,,,,
,,,,,,,,,,,,,
,,,,,,,,,,,,,
,,,,,,,,,,,,,
,,,,,,,,,,,,,
,,,,,,,,,,,,,
,,,,,,,,,,,,,
,,,,,,,,,,,,,
,,,,,,,,,,,,,
,,,,,,,,,,,,,
,,,,,,,,,,,,,
,,,,,,,,,,,,,
,,,,,,,,,,,,,
,,,,,,,,,,,,,
,,,,,,,,,,,,,
,,,,,,,,,,,,,
,,,,,,,,,,,,,
,,,,,,,,,,,,,
,,,,,,,,,,,,,
,,,,,,,,,,,,,
,,,,,,,,,,,,,
,,,,,,,,,,,,,
,,,,,,,,,,,,,
,,,,,,,,,,,,,
,,,,,,,,,,,,,
,,,,,,,,,,,,,
,,,,,,,,,,,,,
,,,,,,,,,,,,,
,,,,,,,,,,,,,
,,,,,,,,,,,,,
,,,,,,,,,,,,,
,,,,,,,,,,,,,
,,,,,,,,,,,,,
,,,,,,,,,,,,,
,,,,,,,,,,,,,
,,,,,,,,,,,,,
,,,,,,,,,,,,,
,,,,,,,,,,,,,
,,,,,,,,,,,,,
,,,,,,,,,,,,,
,,,,,,,,,,,,,
,,,,,,,,,,,,,
,,,,,,,,,,,,,
,,,,,,,,,,,,,
,,,,,,,,,,,,,
,,,,,,,,,,,,,
,,,,,,,,,,,,,
,,,,,,,,,,,,,
,,,,,,,,,,,,,
,,,,,,,,,,,,,
,,,,,,,,,,,,,
,,,,,,,,,,,,,
,,,,,,,,,,,,,
,,,,,,,,,,,,,
,,,,,,,,,,,,,
,,,,,,,,,,,,,
,,,,,,,,,,,,,
,,,,,,,,,,,,,
,,,,,,,,,,,,,
,,,,,,,,,,,,,
,,,,,,,,,,,,,
,,,,,,,,,,,,,
,,,,,,,,,,,,,
,,,,,,,,,,,,,
,,,,,,,,,,,,,
,,,,,,,,,,,,,
,,,,,,,,,,,,,
,,,,,,,,,,,,,
,,,,,,,,,,,,,
,,,,,,,,,,,,,
,,,,,,,,,,,,,
,,,,,,,,,,,,,
,,,,,,,,,,,,,
,,,,,,,,,,,,,
,,,,,,,,,,,,,
,,,,,,,,,,,,,
,,,,,,,,,,,,,
,,,,,,,,,,,,,
,,,,,,,,,,,,,
,,,,,,,,,,,,,
,,,,,,,,,,,,,
,,,,,,,,,,,,,
,,,,,,,,,,,,,
,,,,,,,,,,,,,
,,,,,,,,,,,,,
,,,,,,,,,,,,,
,,,,,,,,,,,,,
,,,,,,,,,,,,,
,,,,,,,,,,,,,
,,,,,,,,,,,,,
,,,,,,,,,,,,,
,,,,,,,,,,,,,
,,,,,,,,,,,,,
,,,,,,,,,,,,,
,,,,,,,,,,,,,
,,,,,,,,,,,,,
,,,,,,,,,,,,,
,,,,,,,,,,,,,
,,,,,,,,,,,,,
,,,,,,,,,,,,,
,,,,,,,,,,,,,
,,,,,,,,,,,,,
,,,,,,,,,,,,,
,,,,,,,,,,,,,
,,,,,,,,,,,,,
,,,,,,,,,,,,,
,,,,,,,,,,,,,
,,,,,,,,,,,,,
,,,,,,,,,,,,,
,,,,,,,,,,,,,
,,,,,,,,,,,,,
,,,,,,,,,,,,,
,,,,,,,,,,,,,
,,,,,,,,,,,,,
,,,,,,,,,,,,,
,,,,,,,,,,,,,
,,,,,,,,,,,,,
,,,,,,,,,,,,,
,,,,,,,,,,,,,
,,,,,,,,,,,,,
,,,,,,,,,,,,,
,,,,,,,,,,,,,
,,,,,,,,,,,,,
,,,,,,,,,,,,,
,,,,,,,,,,,,,
,,,,,,,,,,,,,
,,,,,,,,,,,,,
,,,,,,,,,,,,,
,,,,,,,,,,,,,
,,,,,,,,,,,,,
,,,,,,,,,,,,,
,,,,,,,,,,,,,
,,,,,,,,,,,,,
,,,,,,,,,,,,,
,,,,,,,,,,,,,
,,,,,,,,,,,,,
,,,,,,,,,,,,,
,,,,,,,,,,,,,
,,,,,,,,,,,,,
,,,,,,,,,,,,,
,,,,,,,,,,,,,
,,,,,,,,,,,,,
,,,,,,,,,,,,,
,,,,,,,,,,,,,
,,,,,,,,,,,,,
,,,,,,,,,,,,,
,,,,,,,,,,,,,
,,,,,,,,,,,,,
,,,,,,,,,,,,,
,,,,,,,,,,,,,
,,,,,,,,,,,,,
,,,,,,,,,,,,,
,,,,,,,,,,,,,
,,,,,,,,,,,,,
,,,,,,,,,,,,,
,,,,,,,,,,,,,
,,,,,,,,,,,,,
,,,,,,,,,,,,,
,,,,,,,,,,,,,
,,,,,,,,,,,,,
,,,,,,,,,,,,,
,,,,,,,,,,,,,
,,,,,,,,,,,,,
,,,,,,,,,,,,,
,,,,,,,,,,,,,
,,,,,,,,,,,,,
,,,,,,,,,,,,,
,,,,,,,,,,,,,
,,,,,,,,,,,,,
,,,,,,,,,,,,,
,,,,,,,,,,,,,
,,,,,,,,,,,,,
,,,,,,,,,,,,,
,,,,,,,,,,,,,
,,,,,,,,,,,,,
,,,,,,,,,,,,,
,,,,,,,,,,,,,
,,,,,,,,,,,,,
,,,,,,,,,,,,,
,,,,,,,,,,,,,
,,,,,,,,,,,,,
,,,,,,,,,,,,,
,,,,,,,,,,,,,
,,,,,,,,,,,,,
,,,,,,,,,,,,,